term,match_method,blob_key,blob_url
Aborigen o‘simliklar,exact/base,Aborigen o‘simliklar,https://store_W6SAmavz4a8tGG7Q.blob.vercel-storage.com/Aborigen-o‘simliklar.jpg
Aerozol generatori,exact/base,Aerozol generatori,https://store_W6SAmavz4a8tGG7Q.blob.vercel-storage.com/Aerozol-generatori.jpg
Aerozol sug‘orish,exact/base,Aerozol sug‘orish,https://store_W6SAmavz4a8tGG7Q.blob.vercel-storage.com/Aerozol-sug‘orish.jpg
Agrobiologiya,exact/base,Agrobiologiya,https://store_W6SAmavz4a8tGG7Q.blob.vercel-storage.com/Agrobiologiya.jpg
Agrofitlar,exact/base,Agrofitlar,https://store_W6SAmavz4a8tGG7Q.blob.vercel-storage.com/Agrofitlar.jpg
Agrokimyo,exact/base,Agrokimyo,https://store_W6SAmavz4a8tGG7Q.blob.vercel-storage.com/Agrokimyo.jpg
Agrokimyo laboratoriyasi,exact/base,Agrokimyo laboratoriyasi,https://store_W6SAmavz4a8tGG7Q.blob.vercel-storage.com/Agrokimyo-laboratoriyasi.jpg
Agrokimyo xizmati,exact/base,Agrokimyo xizmati,https://store_W6SAmavz4a8tGG7Q.blob.vercel-storage.com/Agrokimyo-xizmati.jpg
Agrokimyoviy tahlil,exact/base,Agrokimyoviy tahlil,https://store_W6SAmavz4a8tGG7Q.blob.vercel-storage.com/Agrokimyoviy-tahlil.jpg
Agrokimyoviy xaritanoma,exact/base,Agrokimyoviy xaritanoma,https://store_W6SAmavz4a8tGG7Q.blob.vercel-storage.com/Agrokimyoviy-xaritanoma.jpg
Agroklaster,exact/base,Agroklaster,https://store_W6SAmavz4a8tGG7Q.blob.vercel-storage.com/Agroklaster.jpg
Agrologistika,exact/base,Agrologistika,https://store_W6SAmavz4a8tGG7Q.blob.vercel-storage.com/Agrologistika.jpg
Agromelioratsiya,exact/base,Agromelioratsiya,https://store_W6SAmavz4a8tGG7Q.blob.vercel-storage.com/Agromelioratsiya.jpg
Agrometeorologik omillar,exact/base,Agrometeorologik omillar,https://store_W6SAmavz4a8tGG7Q.blob.vercel-storage.com/Agrometeorologik-omillar.jpg
Agronomik tahlil,missing,,
Agrotexnologiya,exact/base,Agrotexnologiya,https://store_W6SAmavz4a8tGG7Q.blob.vercel-storage.com/Agrotexnologiya.jpg
Agrotexnika usuli,exact/base,Agrotexnika usuli,https://store_W6SAmavz4a8tGG7Q.blob.vercel-storage.com/Agrotexnika-usuli.jpg
Agrotuproq rayonlashtirish,exact/base,Agrotuproq rayonlashtirish,https://store_W6SAmavz4a8tGG7Q.blob.vercel-storage.com/Agrotuproq-rayonlashtirish.jpg
Ajratilgan muhitda o‘stirish,exact/base,Ajratilgan muhitda o‘stirish,https://store_W6SAmavz4a8tGG7Q.blob.vercel-storage.com/Ajratilgan-muhitda-o‘stirish.jpg
Akatsiya (Acacia Mill.),exact/base,Akatsiya,https://store_W6SAmavz4a8tGG7Q.blob.vercel-storage.com/Akatsiya.jpg
Aktinidiya (Actinidia Lindl.),exact/base,Aktinidiya,https://store_W6SAmavz4a8tGG7Q.blob.vercel-storage.com/Aktinidiya.jpg
Allelomorf belgilar,exact/base,Allelomorf belgilar,https://store_W6SAmavz4a8tGG7Q.blob.vercel-storage.com/Allelomorf-belgilar.jpg
Allogamiya,exact/base,Allogamiya,https://store_W6SAmavz4a8tGG7Q.blob.vercel-storage.com/Allogamiya.jpg
Almashlab ekish,exact/base,Almashlab ekish,https://store_W6SAmavz4a8tGG7Q.blob.vercel-storage.com/Almashlab-ekish.jpg
Almashlab ekish dalalarining agrotexnik pasporti,exact/base,Almashlab ekish dalalarining agrotexnik pasporti,https://store_W6SAmavz4a8tGG7Q.blob.vercel-storage.com/Almashlab-ekish-dalalarining-agrotexnik-pasporti.jpg
Almashlab ekish rotatsiyasi,exact/base,Almashlab ekish rotatsiyasi,https://store_W6SAmavz4a8tGG7Q.blob.vercel-storage.com/Almashlab-ekish-rotatsiyasi.jpg
AMB bakterial o‘g‘iti,exact/base,AMB bakterial o‘g‘iti,https://store_W6SAmavz4a8tGG7Q.blob.vercel-storage.com/AMB-bakterial-o‘g‘iti.jpg
Amfimiksis,exact/base,Amfimiksis,https://store_W6SAmavz4a8tGG7Q.blob.vercel-storage.com/Amfimiksis.jpg
Ammiakli o‘g‘it,exact/base,Ammiakli o‘g‘it,https://store_W6SAmavz4a8tGG7Q.blob.vercel-storage.com/Ammiakli-o‘g‘it.jpg
Ammiakli-nitratli o‘g‘itlar,fuzzy>=0.94,Ammiakli nitratli o‘g‘it,https://store_W6SAmavz4a8tGG7Q.blob.vercel-storage.com/Ammiakli-nitratli-o‘g‘it.jpg
Ammofos,exact/base,Ammofos,https://store_W6SAmavz4a8tGG7Q.blob.vercel-storage.com/Ammofos.jpg
Ammofoska,exact/base,Ammofoska,https://store_W6SAmavz4a8tGG7Q.blob.vercel-storage.com/Ammofoska.jpg
Ammoniy nitrat,exact/base,Ammoniy nitrat,https://store_W6SAmavz4a8tGG7Q.blob.vercel-storage.com/Ammoniy-nitrat.jpg
Ammoniy sulfat,exact/base,Ammoniy sulfat,https://store_W6SAmavz4a8tGG7Q.blob.vercel-storage.com/Ammoniy-sulfat.jpg
Ampelografiya,exact/base,Ampelografiya,https://store_W6SAmavz4a8tGG7Q.blob.vercel-storage.com/Ampelografiya.jpg
Ampelometriya,exact/base,Ampelometriya,https://store_W6SAmavz4a8tGG7Q.blob.vercel-storage.com/Ampelometriya.jpg
Ampel o‘simliklar,exact/base,Ampel o‘simliklar,https://store_W6SAmavz4a8tGG7Q.blob.vercel-storage.com/Ampel-o‘simliklar.jpg
Ampelopsis,exact/base,Ampelopsis,https://store_W6SAmavz4a8tGG7Q.blob.vercel-storage.com/Ampelopsis.jpg
Ampelopedologiya,exact/base,Ampelopedologiya,https://store_W6SAmavz4a8tGG7Q.blob.vercel-storage.com/Ampelopedologiya.jpg
Analitik seleksiya,exact/base,Analitik seleksiya,https://store_W6SAmavz4a8tGG7Q.blob.vercel-storage.com/Analitik-seleksiya.jpg
Analitik chatishtirish,exact/base,Analitik chatishtirish,https://store_W6SAmavz4a8tGG7Q.blob.vercel-storage.com/Analitik-chatishtirish.jpg
Ananas (Ananas comosus (L.) Merr.),exact/base,Ananas,https://store_W6SAmavz4a8tGG7Q.blob.vercel-storage.com/Ananas.jpg
Ananas mevasi,exact/base,Ananas mevasi,https://store_W6SAmavz4a8tGG7Q.blob.vercel-storage.com/Ananas-mevasi.jpg
Anemofil o‘simliklar,exact/base,Anemofil o‘simliklar,https://store_W6SAmavz4a8tGG7Q.blob.vercel-storage.com/Anemofil-o‘simliklar.jpg
Anemoxor o‘simliklar,exact/base,Anemoxor o‘simliklar,https://store_W6SAmavz4a8tGG7Q.blob.vercel-storage.com/Anemoxor-o‘simliklar.jpg
Anjir (Ficus carica L.),exact/base,Anjir,https://store_W6SAmavz4a8tGG7Q.blob.vercel-storage.com/Anjir.jpg
Anjir mevasi,exact/base,Anjir mevasi,https://store_W6SAmavz4a8tGG7Q.blob.vercel-storage.com/Anjir-mevasi.jpg
Anjirzor,exact/base,Anjirzor,https://store_W6SAmavz4a8tGG7Q.blob.vercel-storage.com/Anjirzor.jpg
Anjir shaftoli (Prunus persica var. platycarpa),exact/base,Anjir shaftoli,https://store_W6SAmavz4a8tGG7Q.blob.vercel-storage.com/Anjir-shaftoli.jpg
Anor (Punica granatum L.),exact/base,Anor,https://store_W6SAmavz4a8tGG7Q.blob.vercel-storage.com/Anor.jpg
Anor mevasi,exact/base,Anor mevasi,https://store_W6SAmavz4a8tGG7Q.blob.vercel-storage.com/Anor-mevasi.jpg
Anordoshlar (Punicaceae; zamonaviy tasnifda Lythraceae tarkibida),exact/base,Anordoshlar,https://store_W6SAmavz4a8tGG7Q.blob.vercel-storage.com/Anordoshlar.jpg
Anorzor,exact/base,Anorzor,https://store_W6SAmavz4a8tGG7Q.blob.vercel-storage.com/Anorzor.jpg
Antekologiya,exact/base,Antekologiya,https://store_W6SAmavz4a8tGG7Q.blob.vercel-storage.com/Antekologiya.jpg
Antotsianlar,missing,,
Antraknoz,exact/base,Antraknoz,https://store_W6SAmavz4a8tGG7Q.blob.vercel-storage.com/Antraknoz.jpg
Antropofitlar,exact/base,Antropofitlar,https://store_W6SAmavz4a8tGG7Q.blob.vercel-storage.com/Antropofitlar.jpg
Apeks,exact/base,Apeks,https://store_W6SAmavz4a8tGG7Q.blob.vercel-storage.com/Apeks.jpg
Apelsin (Citrus × sinensis (L.) Osbeck),exact/base,Apelsin,https://store_W6SAmavz4a8tGG7Q.blob.vercel-storage.com/Apelsin.jpg
Apelsin mevasi,exact/base,Apelsin mevasi,https://store_W6SAmavz4a8tGG7Q.blob.vercel-storage.com/Apelsin-mevasi.jpg
Aprobatsiya,exact/base,Aprobatsiya,https://store_W6SAmavz4a8tGG7Q.blob.vercel-storage.com/Aprobatsiya.jpg
Aralash ekinlar,exact/base,Aralash ekinlar,https://store_W6SAmavz4a8tGG7Q.blob.vercel-storage.com/Aralash-ekinlar.jpg
Aralash o‘g‘itlar,exact/base,Aralash o‘g‘itlar,https://store_W6SAmavz4a8tGG7Q.blob.vercel-storage.com/Aralash-o‘g‘itlar.jpg
Araukariya (Araucaria Juss.),exact/base,Araukariya,https://store_W6SAmavz4a8tGG7Q.blob.vercel-storage.com/Araukariya.jpg
Arboretum,exact/base,Arboretum,https://store_W6SAmavz4a8tGG7Q.blob.vercel-storage.com/Arboretum.jpg
Arboritsidlar,exact/base,Arboritsidlar,https://store_W6SAmavz4a8tGG7Q.blob.vercel-storage.com/Arboritsidlar.jpg
Areal,exact/base,Areal,https://store_W6SAmavz4a8tGG7Q.blob.vercel-storage.com/Areal.jpg
Arid iqlim,exact/base,Arid iqlim,https://store_W6SAmavz4a8tGG7Q.blob.vercel-storage.com/Arid-iqlim.jpg
Ariq,exact/base,Ariq,https://store_W6SAmavz4a8tGG7Q.blob.vercel-storage.com/Ariq.jpg
Ariqcha,exact/base,Ariqcha,https://store_W6SAmavz4a8tGG7Q.blob.vercel-storage.com/Ariqcha.jpg
Artezian quduq,exact/base,Artezian quduq,https://store_W6SAmavz4a8tGG7Q.blob.vercel-storage.com/Artezian-quduq.jpg
Artishok (Cynara scolymus L.),exact/base,Artishok,https://store_W6SAmavz4a8tGG7Q.blob.vercel-storage.com/Artishok.jpg
Arxeofitlar,exact/base,Arxeofitlar,https://store_W6SAmavz4a8tGG7Q.blob.vercel-storage.com/Arxeofitlar.jpg
Archa (Juniperus L.),exact/base,Archa,https://store_W6SAmavz4a8tGG7Q.blob.vercel-storage.com/Archa.jpg
Archazor,exact/base,Archazor,https://store_W6SAmavz4a8tGG7Q.blob.vercel-storage.com/Archazor.jpg
Asosiy o‘g‘it,exact/base,Asosiy o‘g‘it,https://store_W6SAmavz4a8tGG7Q.blob.vercel-storage.com/Asosiy-o‘g‘it.jpg
Assimilatsiya,exact/base,Assimilatsiya,https://store_W6SAmavz4a8tGG7Q.blob.vercel-storage.com/Assimilatsiya.jpg
Assimilatsion va suruvchi yuzalarning ko‘payish (o‘sish) fazasi,fuzzy>=0.94,Assimilatsion va so‘ruvchi yuzalarning ko‘payish (o‘sish) fazasi,https://store_W6SAmavz4a8tGG7Q.blob.vercel-storage.com/Assimilatsion-va-so‘ruvchi-yuzalarning-ko‘payish-(o‘sish)-fazasi.jpg
Atirgul (Rosa L.),exact/base,Atirgul,https://store_W6SAmavz4a8tGG7Q.blob.vercel-storage.com/Atirgul.jpg
Avirulentlik,exact/base,Avirulentlik,https://store_W6SAmavz4a8tGG7Q.blob.vercel-storage.com/Avirulentlik.jpg
Avokado (Persea americana Mill.),exact/base,Avokado,https://store_W6SAmavz4a8tGG7Q.blob.vercel-storage.com/Avokado.jpg
Avokado mevasi,exact/base,Avokado mevasi,https://store_W6SAmavz4a8tGG7Q.blob.vercel-storage.com/Avokado-mevasi.jpg
Avtofertil,exact/base,Avtofertil,https://store_W6SAmavz4a8tGG7Q.blob.vercel-storage.com/Avtofertil.jpg
Avtofertil o‘simliklar,exact/base,Avtofertil o‘simliklar,https://store_W6SAmavz4a8tGG7Q.blob.vercel-storage.com/Avtofertil-o‘simliklar.jpg
Avtogamiya,exact/base,Avtogamiya,https://store_W6SAmavz4a8tGG7Q.blob.vercel-storage.com/Avtogamiya.jpg
Avtoliz,exact/base,Avtoliz,https://store_W6SAmavz4a8tGG7Q.blob.vercel-storage.com/Avtoliz.jpg
Avtosteril,exact/base,Avtosteril,https://store_W6SAmavz4a8tGG7Q.blob.vercel-storage.com/Avtosteril.jpg
Avtotrof organizmlar,exact/base,Avtotrof organizmlar,https://store_W6SAmavz4a8tGG7Q.blob.vercel-storage.com/Avtotrof-organizmlar.jpg
Avtotropizm,exact/base,Avtotropizm,https://store_W6SAmavz4a8tGG7Q.blob.vercel-storage.com/Avtotropizm.jpg
Azot (N),exact/base,Azot,https://store_W6SAmavz4a8tGG7Q.blob.vercel-storage.com/Azot.jpg
Azotlamoq,exact/base,Azotlamoq,https://store_W6SAmavz4a8tGG7Q.blob.vercel-storage.com/Azotlamoq.jpg
Azotobakterin,exact/base,Azotobakterin,https://store_W6SAmavz4a8tGG7Q.blob.vercel-storage.com/Azotobakterin.jpg
Azotli o‘g‘itlar,exact/base,Azotli o‘g‘itlar,https://store_W6SAmavz4a8tGG7Q.blob.vercel-storage.com/Azotli-o‘g‘itlar.jpg
Bahorgi shudgor,exact/base,Bahorgi shudgor,https://store_W6SAmavz4a8tGG7Q.blob.vercel-storage.com/Bahorgi-shudgor.jpg
Bakterial o‘g‘itlar,exact/base,Bakterial o‘g‘itlar,https://store_W6SAmavz4a8tGG7Q.blob.vercel-storage.com/Bakterial-o‘g‘itlar.jpg
Bakterioz,exact/base,Bakterioz,https://store_W6SAmavz4a8tGG7Q.blob.vercel-storage.com/Bakterioz.jpg
Balxi tut (Morus alba L. var. balkhi),exact/base,Balxi tut,https://store_W6SAmavz4a8tGG7Q.blob.vercel-storage.com/Balxi-tut.jpg
Bambuk (Bambusoideae),exact/base,Bambuk,https://store_W6SAmavz4a8tGG7Q.blob.vercel-storage.com/Bambuk.jpg
Banan (Musa × paradisiaca L.),exact/base,Banan,https://store_W6SAmavz4a8tGG7Q.blob.vercel-storage.com/Banan.jpg
Banan mevasi,exact/base,Banan mevasi,https://store_W6SAmavz4a8tGG7Q.blob.vercel-storage.com/Banan-mevasi.jpg
Banandoshlar (Musaceae),exact/base,Banandoshlar,https://store_W6SAmavz4a8tGG7Q.blob.vercel-storage.com/Banandoshlar.jpg
Band,exact/base,Band,https://store_W6SAmavz4a8tGG7Q.blob.vercel-storage.com/Band.jpg
Baqlajon (Solanum melongena L.),exact/base,Baqlajon,https://store_W6SAmavz4a8tGG7Q.blob.vercel-storage.com/Baqlajon.jpg
Baraka,exact/base,Baraka,https://store_W6SAmavz4a8tGG7Q.blob.vercel-storage.com/Baraka.jpg
Bargak,exact/base,Bargak,https://store_W6SAmavz4a8tGG7Q.blob.vercel-storage.com/Bargak.jpg
Barg,exact/base,Barg,https://store_W6SAmavz4a8tGG7Q.blob.vercel-storage.com/Barg.jpg
Barg asosi,exact/base,Barg asosi,https://store_W6SAmavz4a8tGG7Q.blob.vercel-storage.com/Barg-asosi.jpg
Barg bandi,exact/base,Barg bandi,https://store_W6SAmavz4a8tGG7Q.blob.vercel-storage.com/Barg-bandi.jpg
Barg bujmayishi,exact/base,Barg bujmayishi,https://store_W6SAmavz4a8tGG7Q.blob.vercel-storage.com/Barg-bujmayishi.jpg
Barg dog‘lanishi,exact/base,Barg dog‘lanishi,https://store_W6SAmavz4a8tGG7Q.blob.vercel-storage.com/Barg-dog‘lanishi.jpg
Barg kuyishi,exact/base,Barg kuyishi,https://store_W6SAmavz4a8tGG7Q.blob.vercel-storage.com/Barg-kuyishi.jpg
Barg nekrozi,exact/base,Barg nekrozi,https://store_W6SAmavz4a8tGG7Q.blob.vercel-storage.com/Barg-nekrozi.jpg
Barg plastinkasi,exact/base,Barg plastinkasi,https://store_W6SAmavz4a8tGG7Q.blob.vercel-storage.com/Barg-plastinkasi.jpg
Barg tomiri,exact/base,Barg tomiri,https://store_W6SAmavz4a8tGG7Q.blob.vercel-storage.com/Barg-tomiri.jpg
Barg sathi indeksi,exact/base,Barg sathi indeksi,https://store_W6SAmavz4a8tGG7Q.blob.vercel-storage.com/Barg-sathi-indeksi.jpg
Bargdan oziqlantirish,exact/base,Bargdan oziqlantirish,https://store_W6SAmavz4a8tGG7Q.blob.vercel-storage.com/Bargdan-oziqlantirish.jpg
Barg og‘izchasi,exact/base,Barg og‘izchasi,https://store_W6SAmavz4a8tGG7Q.blob.vercel-storage.com/Barg-og‘izchasi.jpg
Barg to‘kilishi,exact/base,Barg to‘kilishi,https://store_W6SAmavz4a8tGG7Q.blob.vercel-storage.com/Barg-to‘kilishi.jpg
Barglamoq,exact/base,Barglamoq,https://store_W6SAmavz4a8tGG7Q.blob.vercel-storage.com/Barglamoq.jpg
Bargli sabzavotlar,exact/base,Bargli sabzavotlar,https://store_W6SAmavz4a8tGG7Q.blob.vercel-storage.com/Bargli-sabzavotlar.jpg
Bag‘az,exact/base,Bag‘az,https://store_W6SAmavz4a8tGG7Q.blob.vercel-storage.com/Bag‘az.jpg
Bachki,exact/base,Bachki,https://store_W6SAmavz4a8tGG7Q.blob.vercel-storage.com/Bachki.jpg
Bachki chiqarmoq,exact/base,Bachki chiqarmoq,https://store_W6SAmavz4a8tGG7Q.blob.vercel-storage.com/Bachki-chiqarmoq.jpg
Bedona,exact/base,Bedona,https://store_W6SAmavz4a8tGG7Q.blob.vercel-storage.com/Bedona.jpg
Bedona tut,exact/base,Bedona tut,https://store_W6SAmavz4a8tGG7Q.blob.vercel-storage.com/Bedona-tut.jpg
Begona o‘tlar,exact/base,Begona o‘tlar,https://store_W6SAmavz4a8tGG7Q.blob.vercel-storage.com/Begona-o‘tlar.jpg
Behi (Cydonia oblonga Mill.),exact/base,Behi,https://store_W6SAmavz4a8tGG7Q.blob.vercel-storage.com/Behi.jpg
Behi mevasi,exact/base,Behi mevasi,https://store_W6SAmavz4a8tGG7Q.blob.vercel-storage.com/Behi-mevasi.jpg
Behizor,exact/base,Behizor,https://store_W6SAmavz4a8tGG7Q.blob.vercel-storage.com/Behizor.jpg
Behishti,exact/base,Behishti,https://store_W6SAmavz4a8tGG7Q.blob.vercel-storage.com/Behishti.jpg
Behtar,exact/base,Behtar,https://store_W6SAmavz4a8tGG7Q.blob.vercel-storage.com/Behtar.jpg
Belkurak,exact/base,Belkurak,https://store_W6SAmavz4a8tGG7Q.blob.vercel-storage.com/Belkurak.jpg
Bigaradiya (Citrus aurantium L.),exact/base,Bigaradiya,https://store_W6SAmavz4a8tGG7Q.blob.vercel-storage.com/Bigaradiya.jpg
Bilvosita tanlash,exact/base,Bilvosita tanlash,https://store_W6SAmavz4a8tGG7Q.blob.vercel-storage.com/Bilvosita-tanlash.jpg
Binafsha (Viola odorata L.),exact/base,Binafsha,https://store_W6SAmavz4a8tGG7Q.blob.vercel-storage.com/Binafsha.jpg
Biofabrika,exact/base,Biofabrika,https://store_W6SAmavz4a8tGG7Q.blob.vercel-storage.com/Biofabrika.jpg
Biolaboratoriya,exact/base,Biolaboratoriya,https://store_W6SAmavz4a8tGG7Q.blob.vercel-storage.com/Biolaboratoriya.jpg
Biologik himoya usuli,exact/base,Biologik himoya usuli,https://store_W6SAmavz4a8tGG7Q.blob.vercel-storage.com/Biologik-himoya-usuli.jpg
Biologik hosil,exact/base,Biologik hosil,https://store_W6SAmavz4a8tGG7Q.blob.vercel-storage.com/Biologik-hosil.jpg
Biologik preparatlar,exact/base,Biologik preparatlar,https://store_W6SAmavz4a8tGG7Q.blob.vercel-storage.com/Biologik-preparatlar.jpg
Biotip,exact/base,Biotip,https://store_W6SAmavz4a8tGG7Q.blob.vercel-storage.com/Biotip.jpg
Bir gulli o‘simliklar,exact/base,Bir gulli o‘simliklar,https://store_W6SAmavz4a8tGG7Q.blob.vercel-storage.com/Bir-gulli-o‘simliklar.jpg
Bir uyli o‘simliklar,exact/base,Bir uyli o‘simliklar,https://store_W6SAmavz4a8tGG7Q.blob.vercel-storage.com/Bir-uyli-o‘simliklar.jpg
Bir yillik o‘simliklar,exact/base,BIr yillik o‘simliklar,https://store_W6SAmavz4a8tGG7Q.blob.vercel-storage.com/BIr-yillik-o‘simliklar.jpg
Boboyi,exact/base,Boboyi,https://store_W6SAmavz4a8tGG7Q.blob.vercel-storage.com/Boboyi.jpg
Bobuna (Matricaria chamomilla L. / Chamomilla recutita (L.) Rauschert),exact/base,Bobuna,https://store_W6SAmavz4a8tGG7Q.blob.vercel-storage.com/Bobuna.jpg
Bodom (Prunus dulcis (Mill.) D.A.Webb) (Amygdalus L.),exact/base,Bodom,https://store_W6SAmavz4a8tGG7Q.blob.vercel-storage.com/Bodom.jpg
Bodom mevasi,exact/base,Bodom mevasi,https://store_W6SAmavz4a8tGG7Q.blob.vercel-storage.com/Bodom-mevasi.jpg
Bodomiy,exact/base,Bodomiy,https://store_W6SAmavz4a8tGG7Q.blob.vercel-storage.com/Bodomiy.jpg
Bodomzor,exact/base,Bodomzor,https://store_W6SAmavz4a8tGG7Q.blob.vercel-storage.com/Bodomzor.jpg
Bodrezak (Viburnum opulus L.),exact/base,Bodrezak,https://store_W6SAmavz4a8tGG7Q.blob.vercel-storage.com/Bodrezak.jpg
Bodring (Cucumis sativus L.),exact/base,Bodring,https://store_W6SAmavz4a8tGG7Q.blob.vercel-storage.com/Bodring.jpg
Bordo suyuqligi,exact/base,Bordo suyuqligi,https://store_W6SAmavz4a8tGG7Q.blob.vercel-storage.com/Bordo-suyuqligi.jpg
Borona,exact/base,Borona,https://store_W6SAmavz4a8tGG7Q.blob.vercel-storage.com/Borona.jpg
Boronalamoq,exact/base,Boronalamoq,https://store_W6SAmavz4a8tGG7Q.blob.vercel-storage.com/Boronalamoq.jpg
Bostirib sug‘orish,exact/base,Bostirib sug‘orish,https://store_W6SAmavz4a8tGG7Q.blob.vercel-storage.com/Bostirib-sug‘orish.jpg
Bog‘,exact/base,Bog‘,https://store_W6SAmavz4a8tGG7Q.blob.vercel-storage.com/Bog‘.jpg
Bog‘bon,exact/base,Bog‘bon,https://store_W6SAmavz4a8tGG7Q.blob.vercel-storage.com/Bog‘bon.jpg
Bog‘bonchilik,exact/base,Bog‘bonchilik,https://store_W6SAmavz4a8tGG7Q.blob.vercel-storage.com/Bog‘bonchilik.jpg
Bog‘dorchilik,exact/base,Bog‘dorchilik,https://store_W6SAmavz4a8tGG7Q.blob.vercel-storage.com/Bog‘dorchilik.jpg
Bog‘ inventari,exact/base,Bog‘ inventari,https://store_W6SAmavz4a8tGG7Q.blob.vercel-storage.com/Bog‘-inventari.jpg
Bog‘ malhami,exact/base,Bog‘ malhami,https://store_W6SAmavz4a8tGG7Q.blob.vercel-storage.com/Bog‘-malhami.jpg
Boshlang‘ich urug‘chilik,fuzzy>=0.94,Boshlangich urug‘chilik,https://store_W6SAmavz4a8tGG7Q.blob.vercel-storage.com/Boshlangich-urug‘chilik.jpg
Buldenej (Viburnum opulus ‘Boule de Neige’),exact/base,Buldenej,https://store_W6SAmavz4a8tGG7Q.blob.vercel-storage.com/Buldenej.jpg
Buqoq,exact/base,Buqoq,https://store_W6SAmavz4a8tGG7Q.blob.vercel-storage.com/Buqoq.jpg
Buta,exact/base,Buta,https://store_W6SAmavz4a8tGG7Q.blob.vercel-storage.com/Buta.jpg
Butasimon,exact/base,Butasimon,https://store_W6SAmavz4a8tGG7Q.blob.vercel-storage.com/Butasimon.jpg
Butazor,exact/base,Butazor,https://store_W6SAmavz4a8tGG7Q.blob.vercel-storage.com/Butazor.jpg
Butash,exact/base,Butash,https://store_W6SAmavz4a8tGG7Q.blob.vercel-storage.com/Butash.jpg
Butoq,exact/base,Butoq,https://store_W6SAmavz4a8tGG7Q.blob.vercel-storage.com/Butoq.jpg
Butoqlamoq,exact/base,Butoqlamoq,https://store_W6SAmavz4a8tGG7Q.blob.vercel-storage.com/Butoqlamoq.jpg
Buvaki,exact/base,Buvaki,https://store_W6SAmavz4a8tGG7Q.blob.vercel-storage.com/Buvaki.jpg
Ohakli o‘g‘itlar,exact/base,Ohakli o‘g‘itlar,https://store_W6SAmavz4a8tGG7Q.blob.vercel-storage.com/Ohakli-o‘g‘itlar.jpg
Bo‘rtma,exact/base,Bo‘rtma,https://store_W6SAmavz4a8tGG7Q.blob.vercel-storage.com/Bo‘rtma.jpg
Bo‘rtma nematodalar (Meloidogyne),exact/base,Bo‘rtma nematodalar,https://store_W6SAmavz4a8tGG7Q.blob.vercel-storage.com/Bo‘rtma-nematodalar.jpg
Bo‘z yer,missing,,
Bo‘z tuproq,exact/base,Bo‘z tuproq,https://store_W6SAmavz4a8tGG7Q.blob.vercel-storage.com/Bo‘z-tuproq.jpg
Dala aprobatsiyasi,exact/base,Dala aprobatsiyasi,https://store_W6SAmavz4a8tGG7Q.blob.vercel-storage.com/Dala-aprobatsiyasi.jpg
Dala ishlari sifatini baholash,exact/base,Dala ishlari sifatini baholash,https://store_W6SAmavz4a8tGG7Q.blob.vercel-storage.com/Dala-ishlari-sifatini-baholash.jpg
Dala qandalasi (Lygus pratensis L.),exact/base,Dala qandalasi,https://store_W6SAmavz4a8tGG7Q.blob.vercel-storage.com/Dala-qandalasi.jpg
Dam berilgan shudgor,exact/base,Dam berilgan shudgor,https://store_W6SAmavz4a8tGG7Q.blob.vercel-storage.com/Dam-berilgan-shudgor.jpg
Danak,exact/base,Danak,https://store_W6SAmavz4a8tGG7Q.blob.vercel-storage.com/Danak.jpg
Danakli mevalar,exact/base,Danakli mevalar,https://store_W6SAmavz4a8tGG7Q.blob.vercel-storage.com/Danakli-mevalar.jpg
Danakli meva daraxtlari,exact/base,Danakli meva daraxtlari,https://store_W6SAmavz4a8tGG7Q.blob.vercel-storage.com/Danakli-meva-daraxtlari.jpg
Daraxt,exact/base,Daraxt,https://store_W6SAmavz4a8tGG7Q.blob.vercel-storage.com/Daraxt.jpg
Daraxt yelimi,exact/base,Daraxt yelimi,https://store_W6SAmavz4a8tGG7Q.blob.vercel-storage.com/Daraxt-yelimi.jpg
Davlat nav sinash tarmog‘i,exact/base,Davlat nav sinash tarmog‘i,https://store_W6SAmavz4a8tGG7Q.blob.vercel-storage.com/Davlat-nav-sinash-tarmog‘i.jpg
Davlat urug‘chilik nazorati,exact/base,Davlat urug‘chilik nazorati,https://store_W6SAmavz4a8tGG7Q.blob.vercel-storage.com/Davlat-urug‘chilik-nazorati.jpg
Degradatsiya,exact/base,Degradatsiya,https://store_W6SAmavz4a8tGG7Q.blob.vercel-storage.com/Degradatsiya.jpg
Dekorativ,exact/base,Dekorativ,https://store_W6SAmavz4a8tGG7Q.blob.vercel-storage.com/Dekorativ.jpg
Dendrariy,exact/base,Dendrariy,https://store_W6SAmavz4a8tGG7Q.blob.vercel-storage.com/Dendrariy.jpg
Dendrologiya,exact/base,Dendrologiya,https://store_W6SAmavz4a8tGG7Q.blob.vercel-storage.com/Dendrologiya.jpg
Dendropark,exact/base,Dendropark,https://store_W6SAmavz4a8tGG7Q.blob.vercel-storage.com/Dendropark.jpg
Desikantlar,exact/base,Desikantlar,https://store_W6SAmavz4a8tGG7Q.blob.vercel-storage.com/Desikantlar.jpg
Desikatsiya,missing,,
Devastatsiya,exact/base,Devastatsiya,https://store_W6SAmavz4a8tGG7Q.blob.vercel-storage.com/Devastatsiya.jpg
Devorgul (Ligustrum vulgare L.),exact/base,Devorgul,https://store_W6SAmavz4a8tGG7Q.blob.vercel-storage.com/Devorgul.jpg
Devpechak (Cuscuta lehmanniana Bunge),exact/base,Devpechak,https://store_W6SAmavz4a8tGG7Q.blob.vercel-storage.com/Devpechak.jpg
Dovuchcha,exact/base,Dovuchcha,https://store_W6SAmavz4a8tGG7Q.blob.vercel-storage.com/Dovuchcha.jpg
Dog‘li antraknoz,fuzzy>=0.94,Dog‘li antaraknoz,https://store_W6SAmavz4a8tGG7Q.blob.vercel-storage.com/Dog‘li-antaraknoz.jpg
Dumbul,missing,,
Dumbullik,missing,,
Duragay,exact/base,Duragay,https://store_W6SAmavz4a8tGG7Q.blob.vercel-storage.com/Duragay.jpg
Duragaylamoq,exact/base,Duragaylamoq,https://store_W6SAmavz4a8tGG7Q.blob.vercel-storage.com/Duragaylamoq.jpg
Duragaylash,exact/base,Duragaylash,https://store_W6SAmavz4a8tGG7Q.blob.vercel-storage.com/Duragaylash.jpg
Duragaylar ko‘chatzori,exact/base,Duragaylar ko‘chatzori,https://store_W6SAmavz4a8tGG7Q.blob.vercel-storage.com/Duragaylar-ko‘chatzori.jpg
Duragay urug‘,exact/base,Duragay urug‘,https://store_W6SAmavz4a8tGG7Q.blob.vercel-storage.com/Duragay-urug‘.jpg
Dusen,exact/base,Dusen,https://store_W6SAmavz4a8tGG7Q.blob.vercel-storage.com/Dusen.jpg
Duvarak,exact/base,Duvarak,https://store_W6SAmavz4a8tGG7Q.blob.vercel-storage.com/Duvarak.jpg
Duxobagul (Tagetes spp.),exact/base,Duxobagul,https://store_W6SAmavz4a8tGG7Q.blob.vercel-storage.com/Duxobagul.jpg
Do‘lana (Crataegus L.),exact/base,Do‘lana,https://store_W6SAmavz4a8tGG7Q.blob.vercel-storage.com/Do‘lana.jpg
Do‘lana mevasi,exact/base,Do‘lana mevasi,https://store_W6SAmavz4a8tGG7Q.blob.vercel-storage.com/Do‘lana-mevasi.jpg
Efir moyli atirgullar,exact/base,Efir moyli atirgullar,https://store_W6SAmavz4a8tGG7Q.blob.vercel-storage.com/Efir-moyli-atirgullar.jpg
Egat,exact/base,Egat,https://store_W6SAmavz4a8tGG7Q.blob.vercel-storage.com/Egat.jpg
Egat olib sug‘orish,exact/base,Egat olib sug‘orish,https://store_W6SAmavz4a8tGG7Q.blob.vercel-storage.com/Egat-olib-sug‘orish.jpg
Egat ochmoq,exact/base,Egat ochmoq,https://store_W6SAmavz4a8tGG7Q.blob.vercel-storage.com/Egat-ochmoq.jpg
Ekmoq,exact/base,Ekmoq,https://store_W6SAmavz4a8tGG7Q.blob.vercel-storage.com/Ekmoq.jpg
Ekzokarp,exact/base,Ekzokarp,https://store_W6SAmavz4a8tGG7Q.blob.vercel-storage.com/Ekzokarp.jpg
Elita,exact/base,Elita,https://store_W6SAmavz4a8tGG7Q.blob.vercel-storage.com/Elita.jpg
Elita urug‘chilik xo‘jaligi,exact/base,Elita urug‘chilik xo‘jaligi,https://store_W6SAmavz4a8tGG7Q.blob.vercel-storage.com/Elita-urug‘chilik-xo‘jaligi.jpg
Eman (Quercus robur L. va Quercus spp.),exact/base,Eman,https://store_W6SAmavz4a8tGG7Q.blob.vercel-storage.com/Eman.jpg
Endokarp,exact/base,Endokarp,https://store_W6SAmavz4a8tGG7Q.blob.vercel-storage.com/Endokarp.jpg
Entomofil o‘simliklar,exact/base,Entomofil o‘simliklar,https://store_W6SAmavz4a8tGG7Q.blob.vercel-storage.com/Entomofil-o‘simliklar.jpg
Entomologiya,exact/base,Entomologiya,https://store_W6SAmavz4a8tGG7Q.blob.vercel-storage.com/Entomologiya.jpg
Epifitotiya,exact/base,Epifitotiya,https://store_W6SAmavz4a8tGG7Q.blob.vercel-storage.com/Epifitotiya.jpg
Epikotil,exact/base,Epikotil,https://store_W6SAmavz4a8tGG7Q.blob.vercel-storage.com/Epikotil.jpg
Ertapishar,missing,,
Echkiemar uzum (Vitis vinifera L. ‘Echkiemar’),exact/base,Echkiemar uzum,https://store_W6SAmavz4a8tGG7Q.blob.vercel-storage.com/Echkiemar-uzum.jpg
Fassiatsiya,exact/base,Fassiatsiya,https://store_W6SAmavz4a8tGG7Q.blob.vercel-storage.com/Fassiatsiya.jpg
Faza,exact/base,Faza,https://store_W6SAmavz4a8tGG7Q.blob.vercel-storage.com/Faza.jpg
Fenologik kuzatishlar,exact/base,Fenologik kuzatishlar,https://store_W6SAmavz4a8tGG7Q.blob.vercel-storage.com/Fenologik-kuzatishlar.jpg
Fenologiya,exact/base,Fenologiya,https://store_W6SAmavz4a8tGG7Q.blob.vercel-storage.com/Fenologiya.jpg
Fenotip,exact/base,Fenotip,https://store_W6SAmavz4a8tGG7Q.blob.vercel-storage.com/Fenotip.jpg
Filloksera (Viteus vitifoliae),missing,,
Fitofaglar,exact/base,Fitofaglar,https://store_W6SAmavz4a8tGG7Q.blob.vercel-storage.com/Fitofaglar.jpg
Fitogormonlar,missing,,
Fitonsid,exact/base,Fitonsid,https://store_W6SAmavz4a8tGG7Q.blob.vercel-storage.com/Fitonsid.jpg
Fitopatologiya,exact/base,Fitopatologiya,https://store_W6SAmavz4a8tGG7Q.blob.vercel-storage.com/Fitopatologiya.jpg
Fitopatologik tahlil,exact/base,Fitopatologik tahlil,https://store_W6SAmavz4a8tGG7Q.blob.vercel-storage.com/Fitopatologik tahlil.jpg
Fitotron,exact/base,Fitotron,https://store_W6SAmavz4a8tGG7Q.blob.vercel-storage.com/Fitotron.jpg
Floks (Phlox L.),exact/base,Floks,https://store_W6SAmavz4a8tGG7Q.blob.vercel-storage.com/Floks.jpg
Florarium,exact/base,Florarium,https://store_W6SAmavz4a8tGG7Q.blob.vercel-storage.com/Florarium.jpg
Fontaneziya (Fontanesia phillyreoides),exact/base,Fontaneziya,https://store_W6SAmavz4a8tGG7Q.blob.vercel-storage.com/Fontaneziya.jpg
Forzitsiya (Forsythia Vahl),exact/base,Forzitsiya,https://store_W6SAmavz4a8tGG7Q.blob.vercel-storage.com/Forzitsiya.jpg
Fosfor,exact/base,Fosfor,https://store_W6SAmavz4a8tGG7Q.blob.vercel-storage.com/Fosfor.jpg
Fosfatli,missing,,
Fosforli o‘g‘itlar,exact/base,Fosforli o‘g‘itlar,https://store_W6SAmavz4a8tGG7Q.blob.vercel-storage.com/Fosforli-o‘g‘itlar.jpg
Fotodavriylik,exact/base,Fotodavriylik,https://store_W6SAmavz4a8tGG7Q.blob.vercel-storage.com/Fotodavriylik.jpg
Fotosintez,exact/base,Fotosintez,https://store_W6SAmavz4a8tGG7Q.blob.vercel-storage.com/Fotosintez.jpg
Foydali hasharotlar,exact/base,Foydali hasharotlar,https://store_W6SAmavz4a8tGG7Q.blob.vercel-storage.com/Foydali-hasharotlar.jpg
Fruktoza,exact/base,Fruktoza,https://store_W6SAmavz4a8tGG7Q.blob.vercel-storage.com/Fruktoza.jpg
Fumigatsiya,exact/base,Fumigatsiya,https://store_W6SAmavz4a8tGG7Q.blob.vercel-storage.com/Fumigatsiya.jpg
Fumigantlar,missing,,
Fungitsidlar,exact/base,Fungitsidlar,https://store_W6SAmavz4a8tGG7Q.blob.vercel-storage.com/Fungitsidlar.jpg
Garmdori (Capsicum annuum L.),exact/base,Garmdori,https://store_W6SAmavz4a8tGG7Q.blob.vercel-storage.com/Garmdori.jpg
Gazon,exact/base,Gazon,https://store_W6SAmavz4a8tGG7Q.blob.vercel-storage.com/Gazon.jpg
Geksaxloran,exact/base,Geksaxloran,https://store_W6SAmavz4a8tGG7Q.blob.vercel-storage.com/Geksaxloran.jpg
Genetik himoya usuli,exact/base,Genetik himoya usuli,https://store_W6SAmavz4a8tGG7Q.blob.vercel-storage.com/Genetik-himoya-usuli.jpg
Gerbitsidlar,exact/base,Gerbitsidlar,https://store_W6SAmavz4a8tGG7Q.blob.vercel-storage.com/Gerbitsidlar.jpg
Geterozis,exact/base,Geterozis,https://store_W6SAmavz4a8tGG7Q.blob.vercel-storage.com/Geterozis.jpg
Gibrid,exact/base,Gibrid,https://store_W6SAmavz4a8tGG7Q.blob.vercel-storage.com/Gibrid.jpg
Gibridizatsiya,exact/base,Gibridizatsiya,https://store_W6SAmavz4a8tGG7Q.blob.vercel-storage.com/Gibridizatsiya.jpg
Gibridlamoq,exact/base,Gibridlamoq,https://store_W6SAmavz4a8tGG7Q.blob.vercel-storage.com/Gibridlamoq.jpg
Gidroponika,exact/base,Gidroponika,https://store_W6SAmavz4a8tGG7Q.blob.vercel-storage.com/Gidroponika.jpg
Gidromelioratsiya,exact/base,Gidromelioratsiya,https://store_W6SAmavz4a8tGG7Q.blob.vercel-storage.com/Gidromelioratsiya.jpg
Gigrofitlar,exact/base,Gigrofitlar,https://store_W6SAmavz4a8tGG7Q.blob.vercel-storage.com/Gigrofitlar.jpg
Gilos (Prunus avium L.),exact/base,Gilos,https://store_W6SAmavz4a8tGG7Q.blob.vercel-storage.com/Gilos.jpg
Gilos mevasi,exact/base,Gilos mevasi,https://store_W6SAmavz4a8tGG7Q.blob.vercel-storage.com/Gilos-mevasi.jpg
Giloszor,exact/base,Giloszor,https://store_W6SAmavz4a8tGG7Q.blob.vercel-storage.com/Giloszor.jpg
Gipokotil,exact/base,Gipokotil,https://store_W6SAmavz4a8tGG7Q.blob.vercel-storage.com/Gipokotil.jpg
Glikofitlar,missing,,
Glyukoza,exact/base,Glyukoza,https://store_W6SAmavz4a8tGG7Q.blob.vercel-storage.com/Glyukoza.jpg
Gommoz (Gummosis),exact/base,Gommoz,https://store_W6SAmavz4a8tGG7Q.blob.vercel-storage.com/Gommoz.jpg
Granulyatsiya,exact/base,Granulyatsiya,https://store_W6SAmavz4a8tGG7Q.blob.vercel-storage.com/Granulyatsiya.jpg
Greypfrut (Citrus paradisi Macfad),exact/base,Greypfrut,https://store_W6SAmavz4a8tGG7Q.blob.vercel-storage.com/Greypfrut.jpg
Greypfrut mevasi,exact/base,Greypfrut mevasi,https://store_W6SAmavz4a8tGG7Q.blob.vercel-storage.com/Greypfrut-mevasi.jpg
Grunt,exact/base,Grunt,https://store_W6SAmavz4a8tGG7Q.blob.vercel-storage.com/Grunt.jpg
Gruntshunoslik,exact/base,Gruntshunoslik,https://store_W6SAmavz4a8tGG7Q.blob.vercel-storage.com/Gruntshunoslik.jpg
Gul,exact/base,Gul,https://store_W6SAmavz4a8tGG7Q.blob.vercel-storage.com/Gul.jpg
Gulband,exact/base,Gulband,https://store_W6SAmavz4a8tGG7Q.blob.vercel-storage.com/Gulband.jpg
Gulbarg,exact/base,Gulbarg,https://store_W6SAmavz4a8tGG7Q.blob.vercel-storage.com/Gulbarg.jpg
Gulbeor (Portulaca grandiflora Hook.),exact/base,Gulbeor,https://store_W6SAmavz4a8tGG7Q.blob.vercel-storage.com/Gulbeor.jpg
Gulkaram (Brassica oleracea var. botrytis L.),exact/base,Gulkaram,https://store_W6SAmavz4a8tGG7Q.blob.vercel-storage.com/Gulkaram.jpg
Gulkosa,exact/base,Gulkosa,https://store_W6SAmavz4a8tGG7Q.blob.vercel-storage.com/Gulkosa.jpg
Gulkurtak (Gemma floralis),exact/base,Gulkurtak,https://store_W6SAmavz4a8tGG7Q.blob.vercel-storage.com/Gulkurtak.jpg
Gulqaychi,exact/base,Gulqaychi,https://store_W6SAmavz4a8tGG7Q.blob.vercel-storage.com/Gulqaychi.jpg
Gulqo‘rg‘on,exact/base,Gulqo‘rg‘on,https://store_W6SAmavz4a8tGG7Q.blob.vercel-storage.com/Gulqo‘rg‘on.jpg
Gulsapsar (Iris L.),exact/base,Gulsapsar,https://store_W6SAmavz4a8tGG7Q.blob.vercel-storage.com/Gulsapsar.jpg
Gultoj,exact/base,Gultoj,https://store_W6SAmavz4a8tGG7Q.blob.vercel-storage.com/Gultoj.jpg
Gultojixo‘roz (Celosia cristata L.),exact/base,Gultojixo‘roz,https://store_W6SAmavz4a8tGG7Q.blob.vercel-storage.com/Gultojixo‘roz.jpg
Gullamoq,exact/base,Gullamoq,https://store_W6SAmavz4a8tGG7Q.blob.vercel-storage.com/Gullamoq.jpg
Gullash davri,exact/base,Gullash davri,https://store_W6SAmavz4a8tGG7Q.blob.vercel-storage.com/Gullash-davri.jpg
Gulxayri (Alcea rosea L.),exact/base,Gulxayri,https://store_W6SAmavz4a8tGG7Q.blob.vercel-storage.com/Gulxayri.jpg
Gulzor,exact/base,Gulzor,https://store_W6SAmavz4a8tGG7Q.blob.vercel-storage.com/Gulzor.jpg
Gul changi,exact/base,Gul changi,https://store_W6SAmavz4a8tGG7Q.blob.vercel-storage.com/Gul-changi.jpg
Gulchilik,exact/base,Gulchilik,https://store_W6SAmavz4a8tGG7Q.blob.vercel-storage.com/Gulchilik.jpg
Gumin o‘g‘itlar,exact/base,Gumin o‘g‘itlar,https://store_W6SAmavz4a8tGG7Q.blob.vercel-storage.com/Gumin-o‘g‘itlar.jpg
Gumus,exact/base,Gumus,https://store_W6SAmavz4a8tGG7Q.blob.vercel-storage.com/Gumus.jpg
Havo namligi,exact/base,Havo namligi,https://store_W6SAmavz4a8tGG7Q.blob.vercel-storage.com/Havo-namligi.jpg
Harorat,exact/base,Harorat,https://store_W6SAmavz4a8tGG7Q.blob.vercel-storage.com/Harorat.jpg
Zararkunanda hasharotlar,missing,,
Himoya vositalari,exact/base,Himoya vositalari,https://store_W6SAmavz4a8tGG7Q.blob.vercel-storage.com/Himoya-vositalari.jpg
Hosil,exact/base,Hosil,https://store_W6SAmavz4a8tGG7Q.blob.vercel-storage.com/Hosil.jpg
Hosildor,missing,,
Hosildorlik,exact/base,Hosildorlik,https://store_W6SAmavz4a8tGG7Q.blob.vercel-storage.com/Hosildorlik.jpg
Hosilli,exact/base,Hosilli,https://store_W6SAmavz4a8tGG7Q.blob.vercel-storage.com/Hosilli.jpg
Hosilsiz,exact/base,Hosilsiz,https://store_W6SAmavz4a8tGG7Q.blob.vercel-storage.com/Hosilsiz.jpg
Hosilni yig‘ish,missing,,
Hosil indeksi,exact/base,Hosil indeksi,https://store_W6SAmavz4a8tGG7Q.blob.vercel-storage.com/Hosil-indeksi.jpg
Hosil kurtagi (Gemma fructifera),exact/base,Hosil kurtagi,https://store_W6SAmavz4a8tGG7Q.blob.vercel-storage.com/Hosil-kurtagi.jpg
Hujayra,exact/base,Hujayra,https://store_W6SAmavz4a8tGG7Q.blob.vercel-storage.com/Hujayra.jpg
Hujayra devori,exact/base,Hujayra devori,https://store_W6SAmavz4a8tGG7Q.blob.vercel-storage.com/Hujayra-devori.jpg
Hujayra injineriyasi,exact/base,Hujayra injineriyasi,https://store_W6SAmavz4a8tGG7Q.blob.vercel-storage.com/Hujayra-injineriyasi.jpg
Husayni,exact/base,Husayni,https://store_W6SAmavz4a8tGG7Q.blob.vercel-storage.com/Husayni.jpg
Ignabarg,exact/base,Ignabarg,https://store_W6SAmavz4a8tGG7Q.blob.vercel-storage.com/Ignabarg.jpg
"Ignabargli o‘simliklar (Pinophyta, Coniferae)",exact/base,Ignabargli o‘simliklar,https://store_W6SAmavz4a8tGG7Q.blob.vercel-storage.com/Ignabargli-o‘simliklar.jpg
Ihota,exact/base,Ihota,https://store_W6SAmavz4a8tGG7Q.blob.vercel-storage.com/Ihota.jpg
Ihota daraxtlari,exact/base,Ihota daraxtlari,https://store_W6SAmavz4a8tGG7Q.blob.vercel-storage.com/Ihota-daraxtlari.jpg
Ikki pallali o‘simliklar (Dicotyledones),exact/base,Ikki pallali o‘simliklar,https://store_W6SAmavz4a8tGG7Q.blob.vercel-storage.com/Ikki-pallali-o‘simliklar.jpg
Ikki uyli o‘simliklar,exact/base,Ikki uyli o‘simliklar,https://store_W6SAmavz4a8tGG7Q.blob.vercel-storage.com/Ikki-uyli-o‘simliklar.jpg
Ildiz (radix),exact/base,Ildiz,https://store_W6SAmavz4a8tGG7Q.blob.vercel-storage.com/Ildiz.jpg
Ildizmeva,exact/base,Ildizmeva,https://store_W6SAmavz4a8tGG7Q.blob.vercel-storage.com/Ildizmeva.jpg
Ildizmevalilar,exact/base,Ildizmevalilar,https://store_W6SAmavz4a8tGG7Q.blob.vercel-storage.com/Ildizmevalilar.jpg
Ildizpoya (rhizoma),exact/base,Ildizpoya,https://store_W6SAmavz4a8tGG7Q.blob.vercel-storage.com/Ildizpoya.jpg
"Ildiz tukchalari (Pilus radicalis, pl. pili radicales)",exact/base,Ildiz tukchalari,https://store_W6SAmavz4a8tGG7Q.blob.vercel-storage.com/Ildiz-tukchalari.jpg
Ildiz chirishi,exact/base,Ildiz chirishi,https://store_W6SAmavz4a8tGG7Q.blob.vercel-storage.com/Ildiz-chirishi.jpg
Immunli nav,exact/base,Immunli nav,https://store_W6SAmavz4a8tGG7Q.blob.vercel-storage.com/Immunli-nav.jpg
Infeksion kasalliklar,exact/base,Infeksion kasalliklar,https://store_W6SAmavz4a8tGG7Q.blob.vercel-storage.com/Infeksion-kasalliklar.jpg
Ingichka barg jiyda (Elaeagnus angustifolia L.),exact/base,Ingichka barg jiyda,https://store_W6SAmavz4a8tGG7Q.blob.vercel-storage.com/Ingichka-barg-jiyda.jpg
Insektitsidlar,exact/base,Insektitsidlar,https://store_W6SAmavz4a8tGG7Q.blob.vercel-storage.com/Insektitsidlar.jpg
Intensiv,missing,,
Intensiv bog‘lar,exact/base,Intensiv bog‘lar,https://store_W6SAmavz4a8tGG7Q.blob.vercel-storage.com/Intensiv-bog‘lar.jpg
Introduksiya,exact/base,Introduksiya,https://store_W6SAmavz4a8tGG7Q.blob.vercel-storage.com/Introduksiya.jpg
Introduksion ko‘chatzor,exact/base,Introduksion ko‘chatzor,https://store_W6SAmavz4a8tGG7Q.blob.vercel-storage.com/Introduksion-ko‘chatzor.jpg
Iskanapayvand,exact/base,Iskanapayvand,https://store_W6SAmavz4a8tGG7Q.blob.vercel-storage.com/Iskanapayvand.jpg
Issiqlik,exact/base,Issiqlik,https://store_W6SAmavz4a8tGG7Q.blob.vercel-storage.com/Issiqlik.jpg
Issiqxona,exact/base,Issiqxona,https://store_W6SAmavz4a8tGG7Q.blob.vercel-storage.com/Issiqxona.jpg
Issiqxona xo‘jaligi,exact/base,Issiqxona xo‘jaligi,https://store_W6SAmavz4a8tGG7Q.blob.vercel-storage.com/Issiqxona-xo‘jaligi.jpg
Issiqxona o‘simliklari,exact/base,Issiqxona o‘simliklari,https://store_W6SAmavz4a8tGG7Q.blob.vercel-storage.com/Issiqxona-o‘simliklari.jpg
Itburun na’matagi (Rosa canina L.),exact/base,Itburun na’matagi,https://store_W6SAmavz4a8tGG7Q.blob.vercel-storage.com/Itburun-na’matagi.jpg
Itog‘iz (Antirrhinum majus L.),exact/base,Itog‘iz,https://store_W6SAmavz4a8tGG7Q.blob.vercel-storage.com/Itog‘iz.jpg
Ishkom,exact/base,Ishkom,https://store_W6SAmavz4a8tGG7Q.blob.vercel-storage.com/Ishkom.jpg
Jiyda (Elaeagnus L.),exact/base,Jiyda,https://store_W6SAmavz4a8tGG7Q.blob.vercel-storage.com/Jiyda.jpg
Jiydadoshlar (Elaeagnaceae),exact/base,Jiydadoshlar,https://store_W6SAmavz4a8tGG7Q.blob.vercel-storage.com/Jiydadoshlar.jpg
Juft chatishtirish,exact/base,Juft chatishtirish,https://store_W6SAmavz4a8tGG7Q.blob.vercel-storage.com/Juft-chatishtirish.jpg
Jo‘yaklab ekish,exact/base,Jo‘yaklab ekish,https://store_W6SAmavz4a8tGG7Q.blob.vercel-storage.com/Jo‘yaklab-ekish.jpg
Kaktus (Cactaceae),exact/base,Kaktus,https://store_W6SAmavz4a8tGG7Q.blob.vercel-storage.com/Kaktus.jpg
Kaliy (K),exact/base,Kaliy,https://store_W6SAmavz4a8tGG7Q.blob.vercel-storage.com/Kaliy.jpg
Kaliyli o‘g‘itlar,exact/base,Kaliyli o‘g‘itlar,https://store_W6SAmavz4a8tGG7Q.blob.vercel-storage.com/Kaliyli-o‘g‘itlar.jpg
Kalla (Zantedeschia spp.),exact/base,Kalla,https://store_W6SAmavz4a8tGG7Q.blob.vercel-storage.com/Kalla.jpg
Kallak,exact/base,Kallak,https://store_W6SAmavz4a8tGG7Q.blob.vercel-storage.com/Kallak.jpg
Kallakdor,exact/base,Kallakdor,https://store_W6SAmavz4a8tGG7Q.blob.vercel-storage.com/Kallakdor.jpg
Kallaklamoq,exact/base,Kallaklamoq,https://store_W6SAmavz4a8tGG7Q.blob.vercel-storage.com/Kallaklamoq.jpg
Kanada solidagosi (Solidago canadensis L.),exact/base,Kanada solidagosi,https://store_W6SAmavz4a8tGG7Q.blob.vercel-storage.com/Kanada-solidagosi.jpg
Kandil Sinap olma navi,exact/base,Kandil sinap olma navi,https://store_W6SAmavz4a8tGG7Q.blob.vercel-storage.com/Kandil-sinap-olma-navi.jpg
Kaprifol shilvisi (Lonicera caprifolium L.),exact/base,Kaprifol shilvisi,https://store_W6SAmavz4a8tGG7Q.blob.vercel-storage.com/Kaprifol-shilvisi.jpg
Karantin,exact/base,Karantin,https://store_W6SAmavz4a8tGG7Q.blob.vercel-storage.com/Karantin.jpg
Karantin sinash laboratoriyasi,exact/base,Karantin sinash laboratoriyasi,https://store_W6SAmavz4a8tGG7Q.blob.vercel-storage.com/Karantin-sinash-laboratoriyasi.jpg
Karbamid (CO(NH₂)₂),exact/base,Karbamid,https://store_W6SAmavz4a8tGG7Q.blob.vercel-storage.com/Karbamid.jpg
Karnaygul (Ipomoea L.),exact/base,Karnaygul,https://store_W6SAmavz4a8tGG7Q.blob.vercel-storage.com/Karnaygul.jpg
Karotin (C₄₀H₅₆),exact/base,Karotin,https://store_W6SAmavz4a8tGG7Q.blob.vercel-storage.com/Karotin.jpg
Kartoshka (Solanum tuberosum L.),exact/base,Kartoshka,https://store_W6SAmavz4a8tGG7Q.blob.vercel-storage.com/Kartoshka.jpg
Kartoshkagul (Dahlia pinnata Cav.),exact/base,Kartoshkagul,https://store_W6SAmavz4a8tGG7Q.blob.vercel-storage.com/Kartoshkagul.jpg
Kartoshkachilik,exact/base,Kartoshkachilik,https://store_W6SAmavz4a8tGG7Q.blob.vercel-storage.com/Kartoshkachilik.jpg
Kaskad sharshara,fuzzy>=0.94,Kaskadsharshara,https://store_W6SAmavz4a8tGG7Q.blob.vercel-storage.com/Kaskadsharshara.jpg
Karam (Brassica oleracea L. Capitata Group),exact/base,Karam,https://store_W6SAmavz4a8tGG7Q.blob.vercel-storage.com/Karam.jpg
Karamdoshlar (Brassicaceae Burnett),exact/base,Karamdoshlar,https://store_W6SAmavz4a8tGG7Q.blob.vercel-storage.com/Karamdoshlar.jpg
Kelreyteriya (Koelreuteria paniculata Laxm.),missing,,
Ketmon,exact/base,Ketmon,https://store_W6SAmavz4a8tGG7Q.blob.vercel-storage.com/Ketmon.jpg
Kechpishar,missing,,
Kimyoviy himoya usuli,exact/base,Kimyoviy himoya usuli,https://store_W6SAmavz4a8tGG7Q.blob.vercel-storage.com/Kimyoviy-himoya-usuli.jpg
Kishmish (Vitis vinifera L.),exact/base,Kishmish,https://store_W6SAmavz4a8tGG7Q.blob.vercel-storage.com/Kishmish.jpg
Klon,exact/base,Klon,https://store_W6SAmavz4a8tGG7Q.blob.vercel-storage.com/Klon.jpg
Klonal mikroko‘paytirish,exact/base,Klonal mikroko‘paytirish,https://store_W6SAmavz4a8tGG7Q.blob.vercel-storage.com/Klonal-mikroko‘paytirish.jpg
Klonlash,exact/base,Klonlash,https://store_W6SAmavz4a8tGG7Q.blob.vercel-storage.com/Klonlash.jpg
Klon tanlash,exact/base,Klon tanlash,https://store_W6SAmavz4a8tGG7Q.blob.vercel-storage.com/Klon-tanlash.jpg
Klumba,exact/base,Klumba,https://store_W6SAmavz4a8tGG7Q.blob.vercel-storage.com/Klumba.jpg
Kokos (Cocos nucifera L.),exact/base,Kokos,https://store_W6SAmavz4a8tGG7Q.blob.vercel-storage.com/Kokos.jpg
Kola daraxti (Cola Schott et Endl.),exact/base,Kola daraxti,https://store_W6SAmavz4a8tGG7Q.blob.vercel-storage.com/Kola-daraxti.jpg
Kolomikta aktinidiyasi (Actinidia kolomikta (Maxim. & Rupr.) Maxim.),exact/base,Kolomikta aktinidiyasi,https://store_W6SAmavz4a8tGG7Q.blob.vercel-storage.com/Kolomikta-aktinidiyasi.jpg
Kolorit,exact/base,Kolorit,https://store_W6SAmavz4a8tGG7Q.blob.vercel-storage.com/Kolorit.jpg
Kom,exact/base,Kom,https://store_W6SAmavz4a8tGG7Q.blob.vercel-storage.com/Kom.jpg
Kompost,exact/base,Kompost,https://store_W6SAmavz4a8tGG7Q.blob.vercel-storage.com/Kompost.jpg
Kompostlamoq,exact/base,Kompostlamoq,https://store_W6SAmavz4a8tGG7Q.blob.vercel-storage.com/Kompostlamoq.jpg
Kompozitsiya,exact/base,Kompozitsiya,https://store_W6SAmavz4a8tGG7Q.blob.vercel-storage.com/Kompozitsiya.jpg
Kosmeya (Cosmos Cav.),exact/base,Kosmeya,https://store_W6SAmavz4a8tGG7Q.blob.vercel-storage.com/Kosmeya.jpg
Konsentrlangan o‘g‘itlar,exact/base,Konsentrlangan o‘g‘itlar,https://store_W6SAmavz4a8tGG7Q.blob.vercel-storage.com/Konsentrlangan-o‘g‘itlar.jpg
Kultivator,exact/base,Kultivator,https://store_W6SAmavz4a8tGG7Q.blob.vercel-storage.com/Kultivator.jpg
Kultivatsiya,exact/base,Kultivatsiya,https://store_W6SAmavz4a8tGG7Q.blob.vercel-storage.com/Kultivatsiya.jpg
Kurak,exact/base,Kurak,https://store_W6SAmavz4a8tGG7Q.blob.vercel-storage.com/Kurak.jpg
Kurtak (Gemma),exact/base,Kurtak,https://store_W6SAmavz4a8tGG7Q.blob.vercel-storage.com/Kurtak.jpg
Kurtak payvand,exact/base,Kurtak payvand,https://store_W6SAmavz4a8tGG7Q.blob.vercel-storage.com/Kurtak-payvand.jpg
Kuyish,exact/base,Kuyish,https://store_W6SAmavz4a8tGG7Q.blob.vercel-storage.com/Kuyish.jpg
Kuzgi,exact/base,Kuzgi,https://store_W6SAmavz4a8tGG7Q.blob.vercel-storage.com/Kuzgi.jpg
Kuzgi so‘lish,exact/base,Kuzgi so‘lish,https://store_W6SAmavz4a8tGG7Q.blob.vercel-storage.com/Kuzgi-so‘lish.jpg
Kuzgi shudgor,exact/base,Kuzgi shudgor,https://store_W6SAmavz4a8tGG7Q.blob.vercel-storage.com/Kuzgi-shudgor.jpg
Ko‘kalamzorlashtirish,exact/base,Ko‘kalamzorlashtirish,https://store_W6SAmavz4a8tGG7Q.blob.vercel-storage.com/Ko‘kalamzorlashtirish.jpg
Ko‘kat sabzavot ekinlari,fuzzy>=0.94,Ko‘kat sabzavot ekinlar,https://store_W6SAmavz4a8tGG7Q.blob.vercel-storage.com/Ko‘kat-sabzavot-ekinlar.jpg
Ko‘k bo‘tako‘z (Centaurea cyanus L.),exact/base,Ko‘k bo‘tako‘z,https://store_W6SAmavz4a8tGG7Q.blob.vercel-storage.com/Ko‘k-bo‘tako‘z.jpg
Ko‘ksulton (Prunus nachichevanica S. Kudr.),exact/base,Ko‘ksulton,https://store_W6SAmavz4a8tGG7Q.blob.vercel-storage.com/Ko‘ksulton.jpg
Ko‘p yillik o‘simliklar,fuzzy>=0.94,Kop yillik o‘simliklar,https://store_W6SAmavz4a8tGG7Q.blob.vercel-storage.com/Kop-yillik-o‘simliklar.jpg
Ko‘chat,exact/base,Ko‘chat,https://store_W6SAmavz4a8tGG7Q.blob.vercel-storage.com/Ko‘chat.jpg
Ko‘chatxona,exact/base,Ko‘chatxona,https://store_W6SAmavz4a8tGG7Q.blob.vercel-storage.com/Ko‘chatxona.jpg
Ko‘chatzor,exact/base,Ko‘chatzor,https://store_W6SAmavz4a8tGG7Q.blob.vercel-storage.com/Ko‘chatzor.jpg
Ko‘chatchilik,exact/base,Ko‘chatchilik,https://store_W6SAmavz4a8tGG7Q.blob.vercel-storage.com/Ko‘chatchilik.jpg
Landshaft,exact/base,Landshaft,https://store_W6SAmavz4a8tGG7Q.blob.vercel-storage.com/Landshaft.jpg
Lavlagi (Beta vulgaris L.),exact/base,Lavlagi,https://store_W6SAmavz4a8tGG7Q.blob.vercel-storage.com/Lavlagi.jpg
Lavlagikor,exact/base,Lavlagikor,https://store_W6SAmavz4a8tGG7Q.blob.vercel-storage.com/Lavlagikor.jpg
Laym (Citrus × aurantiifolia (Christm.) Swingle),exact/base,Laym,https://store_W6SAmavz4a8tGG7Q.blob.vercel-storage.com/Laym.jpg
Limon (Citrus limon (L.) Osbeck),exact/base,Limon,https://store_W6SAmavz4a8tGG7Q.blob.vercel-storage.com/Limon.jpg
Limon mevasi,exact/base,Limon mevasi,https://store_W6SAmavz4a8tGG7Q.blob.vercel-storage.com/Limon-mevasi.jpg
Limonariy,exact/base,Limonariy,https://store_W6SAmavz4a8tGG7Q.blob.vercel-storage.com/Limonariy.jpg
Madaniy,exact/base,Madaniy,https://store_W6SAmavz4a8tGG7Q.blob.vercel-storage.com/Madaniy.jpg
Madaniy o‘simliklar,exact/base,Madaniy o‘simliklar,https://store_W6SAmavz4a8tGG7Q.blob.vercel-storage.com/Madaniy-o‘simliklar.jpg
Mahalliy,missing,,
Mahalliy o‘simliklar,exact/base,Mahalliy o‘simliklar,https://store_W6SAmavz4a8tGG7Q.blob.vercel-storage.com/Mahalliy-o‘simliklar.jpg
Mahalliylashtirmoq,exact/base,Mahalliylashtirmoq,https://store_W6SAmavz4a8tGG7Q.blob.vercel-storage.com/Mahalliylashtirmoq.jpg
Mahalliy o‘g‘itlar,exact/base,Mahalliy o‘g‘itlar,https://store_W6SAmavz4a8tGG7Q.blob.vercel-storage.com/Mahalliy-o‘g‘itlar.jpg
Malina (Rubus idaeus L.),exact/base,Malina,https://store_W6SAmavz4a8tGG7Q.blob.vercel-storage.com/Malina.jpg
Malina mevasi,exact/base,Malina mevasi,https://store_W6SAmavz4a8tGG7Q.blob.vercel-storage.com/Malina-mevasi.jpg
Malinazor,exact/base,Malinazor,https://store_W6SAmavz4a8tGG7Q.blob.vercel-storage.com/Malinazor.jpg
Mahsuldorlik,missing,,
Mamont daraxti (Sequoiadendron giganteum (Lindl.) J. Buchholz),exact/base,Mamont daraxti,https://store_W6SAmavz4a8tGG7Q.blob.vercel-storage.com/Mamont-daraxti.jpg
Mandarin (Citrus reticulata Blanco),exact/base,Mandarin,https://store_W6SAmavz4a8tGG7Q.blob.vercel-storage.com/Mandarin.jpg
Mandarin mevasi,exact/base,Mandarin mevasi,https://store_W6SAmavz4a8tGG7Q.blob.vercel-storage.com/Mandarin-mevasi.jpg
Mango (Mangifera indica L.),exact/base,Mango,https://store_W6SAmavz4a8tGG7Q.blob.vercel-storage.com/Mango.jpg
Mango mevasi,exact/base,Mango mevasi,https://store_W6SAmavz4a8tGG7Q.blob.vercel-storage.com/Mango-mevasi.jpg
Mangustan (Garcinia mangostana L.),exact/base,Mangustan,https://store_W6SAmavz4a8tGG7Q.blob.vercel-storage.com/Mangustan.jpg
Manzarali bog‘dorchilik,exact/base,Manzarali bog‘dorchilik,https://store_W6SAmavz4a8tGG7Q.blob.vercel-storage.com/Manzarali-bog‘dorchilik.jpg
Manzarali o‘simliklar,exact/base,Manzarali o‘simliklar,https://store_W6SAmavz4a8tGG7Q.blob.vercel-storage.com/Manzarali-o‘simliklar.jpg
Marganesli o‘g‘itlar,exact/base,Marganesli o‘g‘itlar,https://store_W6SAmavz4a8tGG7Q.blob.vercel-storage.com/Marganesli-o‘g‘itlar.jpg
Marjondaraxt (Sambucus L.),exact/base,Marjondaraxt,https://store_W6SAmavz4a8tGG7Q.blob.vercel-storage.com/Marjondaraxt.jpg
Marvarak tut,exact/base,Marvarak tut,https://store_W6SAmavz4a8tGG7Q.blob.vercel-storage.com/Marvarak-tut.jpg
Maryam daraxti (Vitex agnus-castus L.),exact/base,Maryam daraxti,https://store_W6SAmavz4a8tGG7Q.blob.vercel-storage.com/Maryam-daraxti.jpg
Mauley behisi (Chaenomeles japonica (Thunb.) Lindl. ex Spach; sin. Chaenomeles maulei),exact/base,Mauley behisi,https://store_W6SAmavz4a8tGG7Q.blob.vercel-storage.com/Mauley-behisi.jpg
Mavsum,exact/base,Mavsum,https://store_W6SAmavz4a8tGG7Q.blob.vercel-storage.com/Mavsum.jpg
Mavsumiy,exact/base,Mavsumiy,https://store_W6SAmavz4a8tGG7Q.blob.vercel-storage.com/Mavsumiy.jpg
Mayda bargli jo‘ka (Tilia cordata Mill.),missing,,
Mayiz,exact/base,Mayiz,https://store_W6SAmavz4a8tGG7Q.blob.vercel-storage.com/Mayiz.jpg
Maymunjon (Rubus fruticosus L.),exact/base,Maymunjon,https://store_W6SAmavz4a8tGG7Q.blob.vercel-storage.com/Maymunjon.jpg
Maymunjon mevasi,exact/base,Maymunjon mevasi,https://store_W6SAmavz4a8tGG7Q.blob.vercel-storage.com/Maymunjon-mevasi.jpg
Meva (Fructus),exact/base,Meva,https://store_W6SAmavz4a8tGG7Q.blob.vercel-storage.com/Meva.jpg
Mevachilik,exact/base,Mevachilik,https://store_W6SAmavz4a8tGG7Q.blob.vercel-storage.com/Mevachilik.jpg
Mevabarg,missing,,
Mevali,missing,,
Mevasiz,missing,,
Meva sharbati,exact/base,Meva sharbati,https://store_W6SAmavz4a8tGG7Q.blob.vercel-storage.com/Meva-sharbati.jpg
Mevalar va sabzavotlarni saqlash,exact/base,Mevalar va sabzavotlarni saqlash,https://store_W6SAmavz4a8tGG7Q.blob.vercel-storage.com/Mevalar-va-sabzavotlarni-saqlash.jpg
Mevali daraxtlarga shakl berish,exact/base,Mevali daraxtlarga shakl berish,https://store_W6SAmavz4a8tGG7Q.blob.vercel-storage.com/Mevali-daraxtlarga-shakl-berish.jpg
Mevali daraxtlarni yoshartirish,exact/base,Mevali daraxtlarni yoshartirish,https://store_W6SAmavz4a8tGG7Q.blob.vercel-storage.com/Mevali-daraxtlarni-yoshartirish.jpg
Mevali o‘simliklar,exact/base,Mevali o‘simliklar,https://store_W6SAmavz4a8tGG7Q.blob.vercel-storage.com/Mevali-o‘simliklar.jpg
Mezokarp,exact/base,Mezokarp,https://store_W6SAmavz4a8tGG7Q.blob.vercel-storage.com/Mezokarp.jpg
Mikroelementlar,exact/base,Mikroelementlar,https://store_W6SAmavz4a8tGG7Q.blob.vercel-storage.com/Mikroelementlar.jpg
Mikroo‘g‘itlar,fuzzy>=0.94,Mikro o‘g‘itlar,https://store_W6SAmavz4a8tGG7Q.blob.vercel-storage.com/Mikro-o‘g‘itlar.jpg
Miksborder,exact/base,Miksborder,https://store_W6SAmavz4a8tGG7Q.blob.vercel-storage.com/Miksborder.jpg
Mineral oziqlanish,exact/base,Mineral oziqlanish,https://store_W6SAmavz4a8tGG7Q.blob.vercel-storage.com/Mineral-oziqlanish.jpg
Mineral o‘g‘itlar,exact/base,Mineral o‘g‘itlar,https://store_W6SAmavz4a8tGG7Q.blob.vercel-storage.com/Mineral-o‘g‘itlar.jpg
Mirzaterak (Populus pyramidalis Roz. syn. Populus nigra var. italica),exact/base,Mirzaterak,https://store_W6SAmavz4a8tGG7Q.blob.vercel-storage.com/Mirzaterak.jpg
Misli o‘g‘itlar,exact/base,Misli o‘g‘itlar,https://store_W6SAmavz4a8tGG7Q.blob.vercel-storage.com/Misli-o‘g‘itlar.jpg
Mola,missing,,
Molalamoq,exact/base,Molalamoq,https://store_W6SAmavz4a8tGG7Q.blob.vercel-storage.com/Molalamoq.jpg
Monokarp o‘simliklar,fuzzy>=0.94,Monokarpik o‘simliklar,https://store_W6SAmavz4a8tGG7Q.blob.vercel-storage.com/Monokarpik-o‘simliklar.jpg
Monokultura,exact/base,Monokultura,https://store_W6SAmavz4a8tGG7Q.blob.vercel-storage.com/Monokultura.jpg
Monosaxaridlar,exact/base,Monosaxaridlar,https://store_W6SAmavz4a8tGG7Q.blob.vercel-storage.com/Monosaxaridlar.jpg
Mozaika,exact/base,Mozaika,https://store_W6SAmavz4a8tGG7Q.blob.vercel-storage.com/Mozaika.jpg
Mochevina-formaldegid o‘g‘itlar,exact/base,Mochevina formaldegid o‘g‘itlar,https://store_W6SAmavz4a8tGG7Q.blob.vercel-storage.com/Mochevina-formaldegid-o‘g‘itlar.jpg
Mulchalash,exact/base,Mulchalash,https://store_W6SAmavz4a8tGG7Q.blob.vercel-storage.com/Mulchalash.jpg
Mulchalamoq,exact/base,Mulchalamoq,https://store_W6SAmavz4a8tGG7Q.blob.vercel-storage.com/Mulchalamoq.jpg
Murakkab o‘g‘itlar,exact/base,Murakkab o‘g‘itlar,https://store_W6SAmavz4a8tGG7Q.blob.vercel-storage.com/Murakkab-o‘g‘itlar.jpg
Murakkab shingil,exact/base,Murakkab shingil,https://store_W6SAmavz4a8tGG7Q.blob.vercel-storage.com/Murakkab-shingil.jpg
Murtak,exact/base,Murtak,https://store_W6SAmavz4a8tGG7Q.blob.vercel-storage.com/Murtak.jpg
Muskat,exact/base,Muskat,https://store_W6SAmavz4a8tGG7Q.blob.vercel-storage.com/Muskat.jpg
Mushmula (Mespilus germanica L.),exact/base,Mushmula,https://store_W6SAmavz4a8tGG7Q.blob.vercel-storage.com/Mushmula.jpg
Namlik,exact/base,Namlik,https://store_W6SAmavz4a8tGG7Q.blob.vercel-storage.com/Namlik.jpg
Namozshomgul (Mirabilis jalapa L.),exact/base,Namozshomgul,https://store_W6SAmavz4a8tGG7Q.blob.vercel-storage.com/Namozshomgul.jpg
Nargis (Narcissus L.),exact/base,Nargis,https://store_W6SAmavz4a8tGG7Q.blob.vercel-storage.com/Nargis.jpg
Nasl,exact/base,Nasl,https://store_W6SAmavz4a8tGG7Q.blob.vercel-storage.com/Nasl.jpg
Nastarin (Syringa vulgaris L.),exact/base,Nastarin,https://store_W6SAmavz4a8tGG7Q.blob.vercel-storage.com/Nastarin.jpg
Natriyli selitra (NaNO₃),exact/base,Natriyli selitra,https://store_W6SAmavz4a8tGG7Q.blob.vercel-storage.com/Natriyli-selitra.jpg
Nav,exact/base,Nav,https://store_W6SAmavz4a8tGG7Q.blob.vercel-storage.com/Nav.jpg
Nav almashtirish,exact/base,Nav almashtirish,https://store_W6SAmavz4a8tGG7Q.blob.vercel-storage.com/Nav-almashtirish.jpg
Navli,exact/base,Navli,https://store_W6SAmavz4a8tGG7Q.blob.vercel-storage.com/Navli.jpg
Nav nazorati,exact/base,Nav nazorati,https://store_W6SAmavz4a8tGG7Q.blob.vercel-storage.com/Nav-nazorati.jpg
Navni rayonlashtirish,exact/base,Navni rayonlashtirish,https://store_W6SAmavz4a8tGG7Q.blob.vercel-storage.com/Navni-rayonlashtirish.jpg
Nav sinash,exact/base,Nav sinash,https://store_W6SAmavz4a8tGG7Q.blob.vercel-storage.com/Nav-sinash.jpg
Nashvati,exact/base,Nashvati,https://store_W6SAmavz4a8tGG7Q.blob.vercel-storage.com/Nashvati.jpg
Na’matak (Rosa L.),exact/base,Na’matak,https://store_W6SAmavz4a8tGG7Q.blob.vercel-storage.com/Na’matak.jpg
Nektar,exact/base,Nektar,https://store_W6SAmavz4a8tGG7Q.blob.vercel-storage.com/Nektar.jpg
Nektarnik (Nectarium),exact/base,Nektarnik,https://store_W6SAmavz4a8tGG7Q.blob.vercel-storage.com/Nektarnik.jpg
Nektarin (Prunus persica (L.) Batsch),exact/base,Nektarin,https://store_W6SAmavz4a8tGG7Q.blob.vercel-storage.com/Nektarin.jpg
Nektarin mevasi,exact/base,Nektarin mevasi,https://store_W6SAmavz4a8tGG7Q.blob.vercel-storage.com/Nektarin-mevasi.jpg
Nihol,missing,,
Nitratli o‘g‘itlar,exact/base,Nitratli o‘g‘itlar,https://store_W6SAmavz4a8tGG7Q.blob.vercel-storage.com/Nitratli-o‘g‘itlar.jpg
Nish,exact/base,Nish,https://store_W6SAmavz4a8tGG7Q.blob.vercel-storage.com/Nish.jpg
Nok (Pyrus L.),exact/base,Nok,https://store_W6SAmavz4a8tGG7Q.blob.vercel-storage.com/Nok.jpg
Nok mevasi,exact/base,Nok mevasi,https://store_W6SAmavz4a8tGG7Q.blob.vercel-storage.com/Nok-mevasi.jpg
Nokzor,exact/base,Nokzor,https://store_W6SAmavz4a8tGG7Q.blob.vercel-storage.com/Nokzor.jpg
Nordon,missing,,
Novda,exact/base,Novda,https://store_W6SAmavz4a8tGG7Q.blob.vercel-storage.com/Novda.jpg
Nyuans,exact/base,Nyuans,https://store_W6SAmavz4a8tGG7Q.blob.vercel-storage.com/Nyuans.jpg
Obaki,exact/base,Obaki,https://store_W6SAmavz4a8tGG7Q.blob.vercel-storage.com/Obaki.jpg
Oddiy qarag‘ay (Pinus sylvestris L.),exact/base,Oddiy qarag‘ay,https://store_W6SAmavz4a8tGG7Q.blob.vercel-storage.com/Oddiy-qarag‘ay.jpg
Oddiy qoraqarag‘ay (Picea abies (L.) H.Karst.),exact/base,Oddiy qoraqarag‘ay,https://store_W6SAmavz4a8tGG7Q.blob.vercel-storage.com/Oddiy-qoraqarag‘ay.jpg
Oddiy soxta kashtan (Aesculus hippocastanum L.),exact/base,Oddiy soxta kashtan,https://store_W6SAmavz4a8tGG7Q.blob.vercel-storage.com/Oddiy-soxta-kashtan.jpg
Oddiy tikandaraxt (Gleditsia triacanthos L.),exact/base,Oddiy tikandaraxt,https://store_W6SAmavz4a8tGG7Q.blob.vercel-storage.com/Oddiy-tikandaraxt.jpg
Oddiy siren (Syringa vulgaris L.),missing,,
Oila,exact/base,Oila,https://store_W6SAmavz4a8tGG7Q.blob.vercel-storage.com/Oila.jpg
Olma (Malus domestica (Suckow) Borkh.),exact/base,Olma,https://store_W6SAmavz4a8tGG7Q.blob.vercel-storage.com/Olma.jpg
Olma mevasi,exact/base,Olma mevasi,https://store_W6SAmavz4a8tGG7Q.blob.vercel-storage.com/Olma-mevasi.jpg
Olmaqoqi,exact/base,Olmaqoqi,https://store_W6SAmavz4a8tGG7Q.blob.vercel-storage.com/Olmaqoqi.jpg
Olmazor,exact/base,Olmazor,https://store_W6SAmavz4a8tGG7Q.blob.vercel-storage.com/Olmazor.jpg
Olma qurti (Cydia pomonella (L.)),exact/base,Olma qurti,https://store_W6SAmavz4a8tGG7Q.blob.vercel-storage.com/Olma-qurti.jpg
Oltingugurt,exact/base,Oltingugurt,https://store_W6SAmavz4a8tGG7Q.blob.vercel-storage.com/Oltingugurt.jpg
Oltingugurtli o‘g‘itlar,exact/base,Oltingugurtli o‘g‘itlar,https://store_W6SAmavz4a8tGG7Q.blob.vercel-storage.com/Oltingugurtli-o‘g‘itlar.jpg
Olxo‘ri (Prunus domestica L.),exact/base,Olxo‘ri,https://store_W6SAmavz4a8tGG7Q.blob.vercel-storage.com/Olxo‘ri.jpg
Olxo‘ri mevasi,exact/base,Olxo‘ri mevasi,https://store_W6SAmavz4a8tGG7Q.blob.vercel-storage.com/Olxo‘ri-mevasi.jpg
Olxo‘ri qoqi,exact/base,Olxo‘ri qoqi,https://store_W6SAmavz4a8tGG7Q.blob.vercel-storage.com/Olxo‘ri-qoqi.jpg
Olcha (Prunus cerasus L.),exact/base,Olcha,https://store_W6SAmavz4a8tGG7Q.blob.vercel-storage.com/Olcha.jpg
Olcha mevasi,exact/base,Olcha mevasi,https://store_W6SAmavz4a8tGG7Q.blob.vercel-storage.com/Olcha-mevasi.jpg
Olchazor,exact/base,Olchazor,https://store_W6SAmavz4a8tGG7Q.blob.vercel-storage.com/Olchazor.jpg
Onalik,exact/base,Onalik,https://store_W6SAmavz4a8tGG7Q.blob.vercel-storage.com/Onalik.jpg
Oqpalak,exact/base,Oqpalak,https://store_W6SAmavz4a8tGG7Q.blob.vercel-storage.com/Oqpalak.jpg
Oqqanot (Aleyrodidae),exact/base,Oqqanot,https://store_W6SAmavz4a8tGG7Q.blob.vercel-storage.com/Oqqanot.jpg
Oranjereya,exact/base,Oranjereya,https://store_W6SAmavz4a8tGG7Q.blob.vercel-storage.com/Oranjereya.jpg
Organ,exact/base,Organ,https://store_W6SAmavz4a8tGG7Q.blob.vercel-storage.com/Organ.jpg
Organik o‘g‘itlar,exact/base,Organik o‘g‘itlar,https://store_W6SAmavz4a8tGG7Q.blob.vercel-storage.com/Organik-o‘g‘itlar.jpg
Otalik,exact/base,Otalik,https://store_W6SAmavz4a8tGG7Q.blob.vercel-storage.com/Otalik.jpg
Oziqlanmoq,exact/base,Oziqlanmoq,https://store_W6SAmavz4a8tGG7Q.blob.vercel-storage.com/Oziqlanmoq.jpg
Palak,exact/base,Palak,https://store_W6SAmavz4a8tGG7Q.blob.vercel-storage.com/Palak.jpg
Parnik,exact/base,Parnik,https://store_W6SAmavz4a8tGG7Q.blob.vercel-storage.com/Parnik.jpg
Partenokarpiya,exact/base,Partenokarpiya,https://store_W6SAmavz4a8tGG7Q.blob.vercel-storage.com/Partenokarpiya.jpg
Parvarishlamoq,exact/base,Parvarishlamoq,https://store_W6SAmavz4a8tGG7Q.blob.vercel-storage.com/Parvarishlamoq.jpg
Parxish,exact/base,Parxish,https://store_W6SAmavz4a8tGG7Q.blob.vercel-storage.com/Parxish.jpg
Payvand,exact/base,Payvand,https://store_W6SAmavz4a8tGG7Q.blob.vercel-storage.com/Payvand.jpg
Payvandi,exact/base,Payvandi,https://store_W6SAmavz4a8tGG7Q.blob.vercel-storage.com/Payvandi.jpg
Payvandlash,missing,,
Payvandlamoq,exact/base,Payvandlamoq,https://store_W6SAmavz4a8tGG7Q.blob.vercel-storage.com/Payvandlamoq.jpg
Payvandtag,exact/base,Payvandtag,https://store_W6SAmavz4a8tGG7Q.blob.vercel-storage.com/Payvandtag.jpg
Payvandust,exact/base,Payvandust,https://store_W6SAmavz4a8tGG7Q.blob.vercel-storage.com/Payvandust.jpg
Pekan (Carya illinoinensis (Wangenh.) K.Koch),missing,,
Pekan mevasi,missing,,
Perikarp,exact/base,Perikarp,https://store_W6SAmavz4a8tGG7Q.blob.vercel-storage.com/Perikarp.jpg
Pergola,exact/base,Pergola,https://store_W6SAmavz4a8tGG7Q.blob.vercel-storage.com/Pergola.jpg
Pestitsidlar,exact/base,Pestitsidlar,https://store_W6SAmavz4a8tGG7Q.blob.vercel-storage.com/Pestitsidlar.jpg
Pikirovka,exact/base,Pikirovka,https://store_W6SAmavz4a8tGG7Q.blob.vercel-storage.com/Pikirovka.jpg
Pista (Pistacia vera L.),exact/base,Pista,https://store_W6SAmavz4a8tGG7Q.blob.vercel-storage.com/Pista.jpg
Pista mevasi,exact/base,Pista mevasi,https://store_W6SAmavz4a8tGG7Q.blob.vercel-storage.com/Pista-mevasi.jpg
Pistazor,exact/base,Pistazor,https://store_W6SAmavz4a8tGG7Q.blob.vercel-storage.com/Pistazor.jpg
Piyoz (Allium cepa L.),exact/base,Piyoz,https://store_W6SAmavz4a8tGG7Q.blob.vercel-storage.com/Piyoz.jpg
Piyozlilar,exact/base,Piyozlilar,https://store_W6SAmavz4a8tGG7Q.blob.vercel-storage.com/Piyozlilar.jpg
Pishmoq,exact/base,Pishmoq,https://store_W6SAmavz4a8tGG7Q.blob.vercel-storage.com/Pishmoq.jpg
Plantaj,exact/base,Plantaj,https://store_W6SAmavz4a8tGG7Q.blob.vercel-storage.com/Plantaj.jpg
Polikarpik o‘simliklar,exact/base,Polikarpik o‘simliklar,https://store_W6SAmavz4a8tGG7Q.blob.vercel-storage.com/Polikarpik-o‘simliklar.jpg
Polisaxaridlar,exact/base,Polisaxaridlar,https://store_W6SAmavz4a8tGG7Q.blob.vercel-storage.com/Polisaxaridlar.jpg
Pomidor (Solanum lycopersicum L.),exact/base,Pomidor,https://store_W6SAmavz4a8tGG7Q.blob.vercel-storage.com/Pomidor.jpg
Pomidor zang kanasi (Aculops lycopersici (Massee)),missing,,
Pomologiya,exact/base,Pomologiya,https://store_W6SAmavz4a8tGG7Q.blob.vercel-storage.com/Pomologiya.jpg
Poya,exact/base,Poya,https://store_W6SAmavz4a8tGG7Q.blob.vercel-storage.com/Poya.jpg
Purkagich,exact/base,Purkagich,https://store_W6SAmavz4a8tGG7Q.blob.vercel-storage.com/Purkagich.jpg
Purkamoq,exact/base,Purkamoq,https://store_W6SAmavz4a8tGG7Q.blob.vercel-storage.com/Purkamoq.jpg
Purkash,exact/base,Purkash,https://store_W6SAmavz4a8tGG7Q.blob.vercel-storage.com/Purkash.jpg
Po‘st,exact/base,Po‘st,https://store_W6SAmavz4a8tGG7Q.blob.vercel-storage.com/Po‘st.jpg
Po‘stloq,exact/base,Po‘stloq,https://store_W6SAmavz4a8tGG7Q.blob.vercel-storage.com/Po‘stloq.jpg
Po‘choq,exact/base,Po‘choq,https://store_W6SAmavz4a8tGG7Q.blob.vercel-storage.com/Po‘choq.jpg
Qalamcha,exact/base,Qalamcha,https://store_W6SAmavz4a8tGG7Q.blob.vercel-storage.com/Qalamcha.jpg
Qandak,exact/base,Qandak,https://store_W6SAmavz4a8tGG7Q.blob.vercel-storage.com/Qandak.jpg
Qandil sinap,missing,,
Qarag‘aydoshlar (Pinaceae),exact/base,Qarag‘aydoshlar,https://store_W6SAmavz4a8tGG7Q.blob.vercel-storage.com/Qarag‘aydoshlar.jpg
Qatorlab ekish,exact/base,Qatorlab ekish,https://store_W6SAmavz4a8tGG7Q.blob.vercel-storage.com/Qatorlab-ekish.jpg
Qayin (Betula L.),exact/base,Qayin,https://store_W6SAmavz4a8tGG7Q.blob.vercel-storage.com/Qayin.jpg
Qayrag‘och (Ulmus L.),exact/base,Qayrag‘och,https://store_W6SAmavz4a8tGG7Q.blob.vercel-storage.com/Qayrag‘och.jpg
Qaychilamoq,exact/base,Qaychilamoq,https://store_W6SAmavz4a8tGG7Q.blob.vercel-storage.com/Qaychilamoq.jpg
Qora qarag‘ay (Pinus nigra J.F.Arnold),exact/base,Qora qarag‘ay,https://store_W6SAmavz4a8tGG7Q.blob.vercel-storage.com/Qora-qarag‘ay.jpg
Qorag‘at (Ribes nigrum L.),exact/base,Qorag‘at,https://store_W6SAmavz4a8tGG7Q.blob.vercel-storage.com/Qorag‘at.jpg
Qulmoq (Humulus lupulus L.),exact/base,Qulmoq,https://store_W6SAmavz4a8tGG7Q.blob.vercel-storage.com/Qulmoq.jpg
Qulupnay (Fragaria × ananassa (Duchesne ex Weston) Duchesne ex Rozier),exact/base,Qulupnay,https://store_W6SAmavz4a8tGG7Q.blob.vercel-storage.com/Qulupnay.jpg
Radial simmetriya,exact/base,Radial simmetriya,https://store_W6SAmavz4a8tGG7Q.blob.vercel-storage.com/Radial-simmetriya.jpg
Ra’noguldoshlar (Rosaceae Juss.),exact/base,Ra’noguldoshlar,https://store_W6SAmavz4a8tGG7Q.blob.vercel-storage.com/Ra’noguldoshlar.jpg
Rediska (Raphanus sativus L. var. sativus),exact/base,Rediska,https://store_W6SAmavz4a8tGG7Q.blob.vercel-storage.com/Rediska.jpg
Regeneratsiya,exact/base,Regeneratsiya,https://store_W6SAmavz4a8tGG7Q.blob.vercel-storage.com/Regeneratsiya.jpg
Remontant,exact/base,Remontant,https://store_W6SAmavz4a8tGG7Q.blob.vercel-storage.com/Remontant.jpg
Reproduksiya,exact/base,Reproduksiya,https://store_W6SAmavz4a8tGG7Q.blob.vercel-storage.com/Reproduksiya.jpg
Reproduktiv,exact/base,Reproduktiv,https://store_W6SAmavz4a8tGG7Q.blob.vercel-storage.com/Reproduktiv.jpg
Retardant,exact/base,Retardant,https://store_W6SAmavz4a8tGG7Q.blob.vercel-storage.com/Retardant.jpg
Rezavor,exact/base,Rezavor,https://store_W6SAmavz4a8tGG7Q.blob.vercel-storage.com/Rezavor.jpg
Rezavor mevalar,exact/base,Rezavor mevalar,https://store_W6SAmavz4a8tGG7Q.blob.vercel-storage.com/Rezavor-mevalar.jpg
Rezavorchi,exact/base,Rezavorchi,https://store_W6SAmavz4a8tGG7Q.blob.vercel-storage.com/Rezavorchi.jpg
Rezaparvar,exact/base,Rezaparvar,https://store_W6SAmavz4a8tGG7Q.blob.vercel-storage.com/Rezaparvar.jpg
Rezavorchilik,exact/base,Rezavorchilik,https://store_W6SAmavz4a8tGG7Q.blob.vercel-storage.com/Rezavorchilik.jpg
Rizosfera,exact/base,Rizosfera,https://store_W6SAmavz4a8tGG7Q.blob.vercel-storage.com/Rizosfera.jpg
Rizosfera mikroorganizmlari,exact/base,Rizosfera mikroorganizmlari,https://store_W6SAmavz4a8tGG7Q.blob.vercel-storage.com/Rizosfera-mikroorganizmlari.jpg
Rotatsion motiga,exact/base,Rotatsion motiga,https://store_W6SAmavz4a8tGG7Q.blob.vercel-storage.com/Rotatsion-motiga.jpg
Rotatsion boronalar,exact/base,Rotatsion boronalar,https://store_W6SAmavz4a8tGG7Q.blob.vercel-storage.com/Rotatsion-boronalar.jpg
Rozetka,exact/base,Rozetka,https://store_W6SAmavz4a8tGG7Q.blob.vercel-storage.com/Rozetka.jpg
Rozmarin,exact/base,Rozmarin,https://store_W6SAmavz4a8tGG7Q.blob.vercel-storage.com/Rozmarin.jpg
Rudiment,exact/base,Rudiment,https://store_W6SAmavz4a8tGG7Q.blob.vercel-storage.com/Rudiment.jpg
Rux (Zn),exact/base,Rux,https://store_W6SAmavz4a8tGG7Q.blob.vercel-storage.com/Rux.jpg
Rux sulfat (ZnSO₄),exact/base,Rux sulfat,https://store_W6SAmavz4a8tGG7Q.blob.vercel-storage.com/Rux-sulfat.jpg
Ruxli o‘g‘itlar,exact/base,Ruxli o‘g‘itlar,https://store_W6SAmavz4a8tGG7Q.blob.vercel-storage.com/Ruxli-o‘g‘itlar.jpg
Sabina archasi (Juniperus sabina L.),exact/base,Sabina archasi,https://store_W6SAmavz4a8tGG7Q.blob.vercel-storage.com/Sabina-archasi.jpg
Sabz urmoq,exact/base,Sabz urmoq,https://store_W6SAmavz4a8tGG7Q.blob.vercel-storage.com/Sabz-urmoq.jpg
Sabzavot,exact/base,Sabzavot,https://store_W6SAmavz4a8tGG7Q.blob.vercel-storage.com/Sabzavot.jpg
Sabzavot ekinlari,exact/base,Sabzavot ekinlari,https://store_W6SAmavz4a8tGG7Q.blob.vercel-storage.com/Sabzavot-ekinlari.jpg
Sabzavotkor,exact/base,Sabzavotkor,https://store_W6SAmavz4a8tGG7Q.blob.vercel-storage.com/Sabzavotkor.jpg
Sabzavotchilik,exact/base,Sabzavotchilik,https://store_W6SAmavz4a8tGG7Q.blob.vercel-storage.com/Sabzavotchilik.jpg
Sabzi (Daucus carota subsp. sativus (Hoffm.) Schübl. & G.Martens),exact/base,Sabzi,https://store_W6SAmavz4a8tGG7Q.blob.vercel-storage.com/Sabzi.jpg
Sadaqayrag‘och (Ulmus minor subsp. minor; syn. Ulmus densa Litv.),exact/base,Sadaqayrag‘och,https://store_W6SAmavz4a8tGG7Q.blob.vercel-storage.com/Sadaqayrag‘och.jpg
Sallagul (Paeonia L.),exact/base,Sallagul,https://store_W6SAmavz4a8tGG7Q.blob.vercel-storage.com/Sallagul.jpg
Sambitgul (Nerium oleander L.),exact/base,Sambitgul,https://store_W6SAmavz4a8tGG7Q.blob.vercel-storage.com/Sambitgul.jpg
Samarador harorat,exact/base,Samarador harorat,https://store_W6SAmavz4a8tGG7Q.blob.vercel-storage.com/Samarador-harorat.jpg
Saratoniy,exact/base,Saratoniy,https://store_W6SAmavz4a8tGG7Q.blob.vercel-storage.com/Saratoniy.jpg
Sarimsoq (Allium sativum L.),exact/base,Sarimsoq,https://store_W6SAmavz4a8tGG7Q.blob.vercel-storage.com/Sarimsoq.jpg
Sariq akatsiya (Caragana arborescens Lam.),exact/base,Sariq akatsiya,https://store_W6SAmavz4a8tGG7Q.blob.vercel-storage.com/Sariq-akatsiya.jpg
Saxaroza,exact/base,Saxaroza,https://store_W6SAmavz4a8tGG7Q.blob.vercel-storage.com/Saxaroza.jpg
Sayyohlar daraxti (Ravenala madagascariensis Sonn.),exact/base,Sayyohlar daraxti,https://store_W6SAmavz4a8tGG7Q.blob.vercel-storage.com/Sayyohlar-daraxti.jpg
Segregatsiya,exact/base,Segregatsiya,https://store_W6SAmavz4a8tGG7Q.blob.vercel-storage.com/Segregatsiya.jpg
Sekator,exact/base,Sekator,https://store_W6SAmavz4a8tGG7Q.blob.vercel-storage.com/Sekator.jpg
Seleksion,exact/base,Seleksion,https://store_W6SAmavz4a8tGG7Q.blob.vercel-storage.com/Seleksion.jpg
Seleksioner,exact/base,Seleksioner,https://store_W6SAmavz4a8tGG7Q.blob.vercel-storage.com/Seleksioner.jpg
Seleksiya,exact/base,Seleksiya,https://store_W6SAmavz4a8tGG7Q.blob.vercel-storage.com/Seleksiya.jpg
Seleksiya ko‘chatzori,fuzzy>=0.94,Seleksiy ko‘chatzori,https://store_W6SAmavz4a8tGG7Q.blob.vercel-storage.com/Seleksiy-ko‘chatzori.jpg
Sellyuloza,exact/base,Sellyuloza,https://store_W6SAmavz4a8tGG7Q.blob.vercel-storage.com/Sellyuloza.jpg
Sepmoq,exact/base,Sepmoq,https://store_W6SAmavz4a8tGG7Q.blob.vercel-storage.com/Sepmoq.jpg
Serurug‘,exact/base,Serurug‘,https://store_W6SAmavz4a8tGG7Q.blob.vercel-storage.com/Serurug‘.jpg
Seryaproq,exact/base,Seryaproq,https://store_W6SAmavz4a8tGG7Q.blob.vercel-storage.com/Seryaproq.jpg
Sershira,missing,,
Sibir qayrag‘ochi (Ulmus pumila L.),exact/base,Sibir qayrag‘ochi,https://store_W6SAmavz4a8tGG7Q.blob.vercel-storage.com/Sibir-qayrag‘ochi.jpg
Simbag‘az,missing,,
Simbioz,exact/base,Simbioz,https://store_W6SAmavz4a8tGG7Q.blob.vercel-storage.com/Simbioz.jpg
Sintetik seleksiya,exact/base,Sintetik seleksiya,https://store_W6SAmavz4a8tGG7Q.blob.vercel-storage.com/Sintetik-seleksiya.jpg
Sitrus (Citrus L.),exact/base,Sitrus,https://store_W6SAmavz4a8tGG7Q.blob.vercel-storage.com/Sitrus.jpg
Sitrus o‘simliklar,exact/base,Sitrus o‘simliklar,https://store_W6SAmavz4a8tGG7Q.blob.vercel-storage.com/Sitrus-o‘simliklar.jpg
Sitruschilik,exact/base,Sitruschilik,https://store_W6SAmavz4a8tGG7Q.blob.vercel-storage.com/Sitruschilik.jpg
Skarifikatsiya,exact/base,Skarifikatsiya,https://store_W6SAmavz4a8tGG7Q.blob.vercel-storage.com/Skarifikatsiya.jpg
Soxta akatsiya (Robinia pseudoacacia L.),exact/base,Soxta akatsiya,https://store_W6SAmavz4a8tGG7Q.blob.vercel-storage.com/Soxta-akatsiya.jpg
Soxta meva,exact/base,Soxta meva,https://store_W6SAmavz4a8tGG7Q.blob.vercel-storage.com/Soxta-meva.jpg
Standart nav,exact/base,Standart nav,https://store_W6SAmavz4a8tGG7Q.blob.vercel-storage.com/Standart-nav.jpg
Stratifikatsiya,exact/base,Stratifikatsiya,https://store_W6SAmavz4a8tGG7Q.blob.vercel-storage.com/Stratifikatsiya.jpg
Subtropik,exact/base,Subtropik,https://store_W6SAmavz4a8tGG7Q.blob.vercel-storage.com/Subtropik.jpg
Subtropik o‘simliklar,exact/base,Subtropik o‘simliklar,https://store_W6SAmavz4a8tGG7Q.blob.vercel-storage.com/Subtropik-o‘simliklar.jpg
Sultoni,exact/base,Sultoni,https://store_W6SAmavz4a8tGG7Q.blob.vercel-storage.com/Sultoni.jpg
Superfosfat,exact/base,Superfosfat,https://store_W6SAmavz4a8tGG7Q.blob.vercel-storage.com/Superfosfat.jpg
Suyuq o‘g‘itlar,exact/base,Suyuq o‘g‘itlar,https://store_W6SAmavz4a8tGG7Q.blob.vercel-storage.com/Suyuq-o‘g‘itlar.jpg
Sug‘orish,exact/base,Sug‘orish,https://store_W6SAmavz4a8tGG7Q.blob.vercel-storage.com/Sug‘orish.jpg
Sug‘orish me’yori,missing,,
Sug‘orish rejimi,exact/base,Sug‘orish rejimi,https://store_W6SAmavz4a8tGG7Q.blob.vercel-storage.com/Sug‘orish-rejimi.jpg
Sug‘orish tizimi,missing,,
Sug‘orish tarmoqlari,missing,,
Sug‘ormoq,exact/base,Sug‘ormoq,https://store_W6SAmavz4a8tGG7Q.blob.vercel-storage.com/Sug‘ormoq.jpg
So‘ri,exact/base,So‘ri,https://store_W6SAmavz4a8tGG7Q.blob.vercel-storage.com/So‘ri.jpg
Tajriba dalasi,exact/base,Tajriba dalasi,https://store_W6SAmavz4a8tGG7Q.blob.vercel-storage.com/Tajriba-dalasi.jpg
Tajriba stansiyasi,exact/base,Tajriba stansiyasi,https://store_W6SAmavz4a8tGG7Q.blob.vercel-storage.com/Tajriba-stansiyasi.jpg
Tajriba xo‘jaligi,exact/base,Tajriba xo‘jaligi,https://store_W6SAmavz4a8tGG7Q.blob.vercel-storage.com/Tajriba-xo‘jaligi.jpg
Tana,exact/base,Tana,https://store_W6SAmavz4a8tGG7Q.blob.vercel-storage.com/Tana.jpg
Tanlash,exact/base,Tanlash,https://store_W6SAmavz4a8tGG7Q.blob.vercel-storage.com/Tanlash.jpg
Termofil,exact/base,Termofil,https://store_W6SAmavz4a8tGG7Q.blob.vercel-storage.com/Termofil.jpg
Termoq,exact/base,Termoq,https://store_W6SAmavz4a8tGG7Q.blob.vercel-storage.com/Termoq.jpg
Tezpishar,missing,,
Tesha,exact/base,Tesha,https://store_W6SAmavz4a8tGG7Q.blob.vercel-storage.com/Tesha.jpg
Tikan¹,missing,,
Tikan²,missing,,
Tikan³,missing,,
Tirgovuch,exact/base,Tirgovuch,https://store_W6SAmavz4a8tGG7Q.blob.vercel-storage.com/Tirgovuch.jpg
Tobulg‘i (Spiraea L.),exact/base,Tobulg‘i,https://store_W6SAmavz4a8tGG7Q.blob.vercel-storage.com/Tobulg‘i.jpg
Tok (Vitis L.),exact/base,Tok,https://store_W6SAmavz4a8tGG7Q.blob.vercel-storage.com/Tok.jpg
Tok kesish,exact/base,Tok kesish,https://store_W6SAmavz4a8tGG7Q.blob.vercel-storage.com/Tok-kesish.jpg
Tokzor,exact/base,Tokzor,https://store_W6SAmavz4a8tGG7Q.blob.vercel-storage.com/Tokzor.jpg
Tokchilik,exact/base,Tokchilik,https://store_W6SAmavz4a8tGG7Q.blob.vercel-storage.com/Tokchilik.jpg
Tomchilatib sug‘orish,exact/base,Tomchilatib sug‘orish,https://store_W6SAmavz4a8tGG7Q.blob.vercel-storage.com/Tomchilatib-sug‘orish.jpg
Topiar san’ati,exact/base,Topiar san’ati,https://store_W6SAmavz4a8tGG7Q.blob.vercel-storage.com/Topiar-san’ati.jpg
Transgen o‘simliklar,exact/base,Transgen o‘simliklar,https://store_W6SAmavz4a8tGG7Q.blob.vercel-storage.com/Transgen-o‘simliklar.jpg
Tropik,exact/base,Tropik,https://store_W6SAmavz4a8tGG7Q.blob.vercel-storage.com/Tropik.jpg
Tropik o‘simliklar,exact/base,Tropik o‘simliklar,https://store_W6SAmavz4a8tGG7Q.blob.vercel-storage.com/Tropik-o‘simliklar.jpg
Tugunak,exact/base,Tugunak,https://store_W6SAmavz4a8tGG7Q.blob.vercel-storage.com/Tugunak.jpg
Tuk,exact/base,Tuk,https://store_W6SAmavz4a8tGG7Q.blob.vercel-storage.com/Tuk.jpg
Tunberg zirki (Berberis thunbergii DC.),exact/base,Tunberg zirki,https://store_W6SAmavz4a8tGG7Q.blob.vercel-storage.com/Tunberg-zirki.jpg
Tumshuqcha,exact/base,Tumshuqcha,https://store_W6SAmavz4a8tGG7Q.blob.vercel-storage.com/Tumshuqcha.jpg
Tuproq,exact/base,Tuproq,https://store_W6SAmavz4a8tGG7Q.blob.vercel-storage.com/Tuproq.jpg
Tuproq bonitirovkasi,exact/base,Tuproq bonitirovkasi,https://store_W6SAmavz4a8tGG7Q.blob.vercel-storage.com/Tuproq-bonitirovkasi.jpg
Tuproqning kimyoviy tarkibi,exact/base,Tuproqning kimyoviy tarkibi,https://store_W6SAmavz4a8tGG7Q.blob.vercel-storage.com/Tuproqning-kimyoviy-tarkibi.jpg
Tuproq namligi,exact/base,Tuproq namligi,https://store_W6SAmavz4a8tGG7Q.blob.vercel-storage.com/Tuproq-namligi.jpg
Tuproq nam sig‘imi,exact/base,Tuproq nam sig‘imi,https://store_W6SAmavz4a8tGG7Q.blob.vercel-storage.com/Tuproq-nam-sig‘imi.jpg
Tuproq nordonligi,exact/base,Tuproq nordonligi,https://store_W6SAmavz4a8tGG7Q.blob.vercel-storage.com/Tuproq-nordonligi.jpg
Tuproq ostidan sug‘orish,exact/base,Tuproq ostidan sug‘orish,https://store_W6SAmavz4a8tGG7Q.blob.vercel-storage.com/Tuproq-ostidan-sug‘orish.jpg
Tuproq unumdorligi,exact/base,Tuproq  unumdorligi,https://store_W6SAmavz4a8tGG7Q.blob.vercel-storage.com/Tuproq- unumdorligi.jpg
Tur,exact/base,Tur,https://store_W6SAmavz4a8tGG7Q.blob.vercel-storage.com/Tur.jpg
Turkum,exact/base,Turkum,https://store_W6SAmavz4a8tGG7Q.blob.vercel-storage.com/Turkum.jpg
Turp (Raphanus sativus L.),exact/base,Turp,https://store_W6SAmavz4a8tGG7Q.blob.vercel-storage.com/Turp.jpg
Tut (Morus L.),exact/base,Tut,https://store_W6SAmavz4a8tGG7Q.blob.vercel-storage.com/Tut.jpg
Tutzor,exact/base,Tutzor,https://store_W6SAmavz4a8tGG7Q.blob.vercel-storage.com/Tutzor.jpg
Tutchilik,exact/base,Tutchilik,https://store_W6SAmavz4a8tGG7Q.blob.vercel-storage.com/Tutchilik.jpg
Unifatsial yaproq,exact/base,Unifatsial yaproq,https://store_W6SAmavz4a8tGG7Q.blob.vercel-storage.com/Unifatsial-yaproq.jpg
Unmoq,exact/base,Unmoq,https://store_W6SAmavz4a8tGG7Q.blob.vercel-storage.com/Unmoq.jpg
Unumdor,missing,,
Unumdor tuproq,exact/base,Unumdor tuproq,https://store_W6SAmavz4a8tGG7Q.blob.vercel-storage.com/Unumdor-tuproq.jpg
Unumdorlik,exact/base,Unumdorlik,https://store_W6SAmavz4a8tGG7Q.blob.vercel-storage.com/Unumdorlik.jpg
Unuvchanlik,exact/base,Unuvchanlik,https://store_W6SAmavz4a8tGG7Q.blob.vercel-storage.com/Unuvchanlik.jpg
Urug‘,exact/base,Urug‘,https://store_W6SAmavz4a8tGG7Q.blob.vercel-storage.com/Urug‘.jpg
Urug‘don,exact/base,Urug‘don,https://store_W6SAmavz4a8tGG7Q.blob.vercel-storage.com/Urug‘don.jpg
Urug‘lamoq,exact/base,Urug‘lamoq,https://store_W6SAmavz4a8tGG7Q.blob.vercel-storage.com/Urug‘lamoq.jpg
Urug‘lanmoq,exact/base,Urug‘lanmoq,https://store_W6SAmavz4a8tGG7Q.blob.vercel-storage.com/Urug‘lanmoq.jpg
Urug‘ hujayra,exact/base,Urug‘ hujayra,https://store_W6SAmavz4a8tGG7Q.blob.vercel-storage.com/Urug‘-hujayra.jpg
Urug‘kurtak,exact/base,Urug‘kurtak,https://store_W6SAmavz4a8tGG7Q.blob.vercel-storage.com/Urug‘kurtak.jpg
Urug‘ ko‘chat,exact/base,Urug‘ ko‘chat,https://store_W6SAmavz4a8tGG7Q.blob.vercel-storage.com/Urug‘-ko‘chat.jpg
Urug‘li,exact/base,Urug‘li,https://store_W6SAmavz4a8tGG7Q.blob.vercel-storage.com/Urug‘li.jpg
Urug‘li meva daraxtlari,exact/base,Urug‘li meva daraxtlari,https://store_W6SAmavz4a8tGG7Q.blob.vercel-storage.com/Urug‘li-meva-daraxtlari.jpg
Urug‘li mevalar,exact/base,Urug‘li mevalar,https://store_W6SAmavz4a8tGG7Q.blob.vercel-storage.com/Urug‘li-mevalar.jpg
Urug‘lik,exact/base,Urug‘lik,https://store_W6SAmavz4a8tGG7Q.blob.vercel-storage.com/Urug‘lik.jpg
Urug‘lik reproduksiyasi,exact/base,Urug‘lik reproduksiyasi,https://store_W6SAmavz4a8tGG7Q.blob.vercel-storage.com/Urug‘lik-reproduksiyasi.jpg
Urug‘xona,exact/base,Urug‘xona,https://store_W6SAmavz4a8tGG7Q.blob.vercel-storage.com/Urug‘xona.jpg
Urug‘chi,exact/base,Urug‘chi,https://store_W6SAmavz4a8tGG7Q.blob.vercel-storage.com/Urug‘chi.jpg
Urug‘chilik,exact/base,Urug‘chilik,https://store_W6SAmavz4a8tGG7Q.blob.vercel-storage.com/Urug‘chilik.jpg
Ustuncha,exact/base,Ustuncha,https://store_W6SAmavz4a8tGG7Q.blob.vercel-storage.com/Ustuncha.jpg
Uzum,exact/base,Uzum,https://store_W6SAmavz4a8tGG7Q.blob.vercel-storage.com/Uzum.jpg
Uzumzor,exact/base,Uzumzor,https://store_W6SAmavz4a8tGG7Q.blob.vercel-storage.com/Uzumzor.jpg
Uzumchilik,exact/base,Uzumchilik,https://store_W6SAmavz4a8tGG7Q.blob.vercel-storage.com/Uzumchilik.jpg
Uzumchi,exact/base,Uzumchi,https://store_W6SAmavz4a8tGG7Q.blob.vercel-storage.com/Uzumchi.jpg
Variatsiya,exact/base,Variatsiya,https://store_W6SAmavz4a8tGG7Q.blob.vercel-storage.com/Variatsiya.jpg
Vegetativ ko‘payish,exact/base,Vegetativ ko‘payish,https://store_W6SAmavz4a8tGG7Q.blob.vercel-storage.com/Vegetativ-ko‘payish.jpg
Vegetativ organlar,exact/base,Vegetativ organlar,https://store_W6SAmavz4a8tGG7Q.blob.vercel-storage.com/Vegetativ-organlar.jpg
Vegetatsion usul,exact/base,Vegetatsion usul,https://store_W6SAmavz4a8tGG7Q.blob.vercel-storage.com/Vegetatsion-usul.jpg
Vegetatsiya davri,exact/base,Vegetatsiya davri,https://store_W6SAmavz4a8tGG7Q.blob.vercel-storage.com/Vegetatsiya-davri.jpg
Vertikal ko‘kalamzorlashtirish,exact/base,Vertikal ko‘kalamzorlashtirish,https://store_W6SAmavz4a8tGG7Q.blob.vercel-storage.com/Vertikal-ko‘kalamzorlashtirish.jpg
Viktoriya regiya (Victoria regia Lindl.),exact/base,Viktoriya regiya,https://store_W6SAmavz4a8tGG7Q.blob.vercel-storage.com/Viktoriya-regiya.jpg
Vilt,exact/base,Vilt,https://store_W6SAmavz4a8tGG7Q.blob.vercel-storage.com/Vilt.jpg
Vino,exact/base,Vino,https://store_W6SAmavz4a8tGG7Q.blob.vercel-storage.com/Vino.jpg
Vinobop,exact/base,Vinobop,https://store_W6SAmavz4a8tGG7Q.blob.vercel-storage.com/Vinobop.jpg
Vinochilik,exact/base,Vinochilik,https://store_W6SAmavz4a8tGG7Q.blob.vercel-storage.com/Vinochilik.jpg
Virgin archasi (Juniperus virginiana L.),exact/base,Virgin archasi,https://store_W6SAmavz4a8tGG7Q.blob.vercel-storage.com/Virgin-archasi.jpg
Virginil davr,exact/base,Virginil davr,https://store_W6SAmavz4a8tGG7Q.blob.vercel-storage.com/Virginil-davr.jpg
Virus kasalliklari,exact/base,Virus kasalliklari,https://store_W6SAmavz4a8tGG7Q.blob.vercel-storage.com/Virus-kasalliklari.jpg
Visteriya (Wisteria sinensis (Sims) Sweet),exact/base,Visteriya,https://store_W6SAmavz4a8tGG7Q.blob.vercel-storage.com/Visteriya.jpg
Voish,exact/base,Voish,https://store_W6SAmavz4a8tGG7Q.blob.vercel-storage.com/Voish.jpg
Xalq seleksiyasi,exact/base,Xalq seleksiyasi,https://store_W6SAmavz4a8tGG7Q.blob.vercel-storage.com/Xalq-seleksiyasi.jpg
Xemoterapiya,exact/base,Xemoterapiya,https://store_W6SAmavz4a8tGG7Q.blob.vercel-storage.com/Xemoterapiya.jpg
Xenomeles (Chaenomeles japonica),exact/base,Xenomeles,https://store_W6SAmavz4a8tGG7Q.blob.vercel-storage.com/Xenomeles.jpg
Xina daraxtchasi (Lawsonia inermis L.),missing,,
Xomtok,missing,,
Xurmo (Diospyros kaki Thunb.),exact/base,Xurmo,https://store_W6SAmavz4a8tGG7Q.blob.vercel-storage.com/Xurmo.jpg
Xurmo mevasi,exact/base,Xurmo mevasi,https://store_W6SAmavz4a8tGG7Q.blob.vercel-storage.com/Xurmo-mevasi.jpg
Xo‘raki,exact/base,Xo‘raki,https://store_W6SAmavz4a8tGG7Q.blob.vercel-storage.com/Xo‘raki.jpg
Yarim butalar,exact/base,Yarim butalar,https://store_W6SAmavz4a8tGG7Q.blob.vercel-storage.com/Yarim-butalar.jpg
Yaganalamoq,exact/base,Yaganalamoq,https://store_W6SAmavz4a8tGG7Q.blob.vercel-storage.com/Yaganalamoq.jpg
Yapon behisi (Chaenomeles japonica (Thunb.) Lindl. ex Spach),exact/base,Yapon behisi,https://store_W6SAmavz4a8tGG7Q.blob.vercel-storage.com/Yapon-behisi.jpg
Yasmin (Jasminum officinale L.),exact/base,Yasmin,https://store_W6SAmavz4a8tGG7Q.blob.vercel-storage.com/Yasmin.jpg
Yerni ishlash,exact/base,Yerni ishlash,https://store_W6SAmavz4a8tGG7Q.blob.vercel-storage.com/Yerni-ishlash.jpg
Yeryong‘oq (Arachis hypogaea L.),exact/base,Yeryong‘oq,https://store_W6SAmavz4a8tGG7Q.blob.vercel-storage.com/Yeryong‘oq.jpg
Yetilmoq,exact/base,Yetilmoq,https://store_W6SAmavz4a8tGG7Q.blob.vercel-storage.com/Yetilmoq.jpg
Yetilgan,exact/base,Yetilgan,https://store_W6SAmavz4a8tGG7Q.blob.vercel-storage.com/Yetilgan.jpg
Yetilish,missing,,
Yomg‘irlatib sug‘orish,exact/base,Yomg‘irlatib sug‘orish,https://store_W6SAmavz4a8tGG7Q.blob.vercel-storage.com/Yomg‘irlatib-sug‘orish.jpg
Yong‘oq (Juglans regia L.),exact/base,Yong‘oq,https://store_W6SAmavz4a8tGG7Q.blob.vercel-storage.com/Yong‘oq.jpg
Yong‘oqzor,exact/base,Yong‘oqzor,https://store_W6SAmavz4a8tGG7Q.blob.vercel-storage.com/Yong‘oqzor.jpg
Yong‘oq mevalilar,exact/base,Yong‘oq mevalilar,https://store_W6SAmavz4a8tGG7Q.blob.vercel-storage.com/Yong‘oq-mevalilar.jpg
Yoppasiga tanlash,exact/base,Yoppasiga tanlash,https://store_W6SAmavz4a8tGG7Q.blob.vercel-storage.com/Yoppasiga-tanlash.jpg
Yorug‘lik,exact/base,Yorug‘lik,https://store_W6SAmavz4a8tGG7Q.blob.vercel-storage.com/Yorug‘lik.jpg
Yorug‘sevar,exact/base,Yorug‘sevar,https://store_W6SAmavz4a8tGG7Q.blob.vercel-storage.com/Yorug‘sevar.jpg
Yorug‘sevar o‘simliklar,exact/base,Yorug‘sevar o‘simliklar,https://store_W6SAmavz4a8tGG7Q.blob.vercel-storage.com/Yorug‘sevar-o‘simliklar.jpg
Yovvoyi,exact/base,Yovvoyi,https://store_W6SAmavz4a8tGG7Q.blob.vercel-storage.com/Yovvoyi.jpg
Yulg‘un (Tamarix L.),exact/base,Yulg‘un,https://store_W6SAmavz4a8tGG7Q.blob.vercel-storage.com/Yulg‘un.jpg
Yuvenil davr,fuzzy>=0.94,Yuvenil davri,https://store_W6SAmavz4a8tGG7Q.blob.vercel-storage.com/Yuvenil-davri.jpg
Zamburug‘,exact/base,Zamburug‘,https://store_W6SAmavz4a8tGG7Q.blob.vercel-storage.com/Zamburug‘.jpg
Zamburug‘ kasalliklari,exact/base,Zamburug‘ kasalliklari,https://store_W6SAmavz4a8tGG7Q.blob.vercel-storage.com/Zamburug‘-kasalliklari.jpg
Zang zamburug‘lari (Pucciniales),exact/base,Zang zamburug‘lari,https://store_W6SAmavz4a8tGG7Q.blob.vercel-storage.com/Zang-zamburug‘lari.jpg
Zarang (Acer L.),exact/base,Zarang,https://store_W6SAmavz4a8tGG7Q.blob.vercel-storage.com/Zarang.jpg
Zararkunanda,exact/base,Zararkunanda,https://store_W6SAmavz4a8tGG7Q.blob.vercel-storage.com/Zararkunanda.jpg
Zaytun daraxti (Olea europaea L.),exact/base,Zaytun daraxti,https://store_W6SAmavz4a8tGG7Q.blob.vercel-storage.com/Zaytun-daraxti.jpg
Zaytun mevasi,exact/base,Zaytun mevasi,https://store_W6SAmavz4a8tGG7Q.blob.vercel-storage.com/Zaytun-mevasi.jpg
Zaytunzor,exact/base,Zaytunzor,https://store_W6SAmavz4a8tGG7Q.blob.vercel-storage.com/Zaytunzor.jpg
O‘ra,exact/base,O‘ra,https://store_W6SAmavz4a8tGG7Q.blob.vercel-storage.com/O‘ra.jpg
O‘rik (Prunus armeniaca L.),exact/base,O‘rik,https://store_W6SAmavz4a8tGG7Q.blob.vercel-storage.com/O‘rik.jpg
O‘rik mevasi,exact/base,O‘rik mevasi,https://store_W6SAmavz4a8tGG7Q.blob.vercel-storage.com/O‘rik-mevasi.jpg
O‘rik qoqi,exact/base,O‘rik qoqi,https://store_W6SAmavz4a8tGG7Q.blob.vercel-storage.com/O‘rik-qoqi.jpg
O‘rikzor,exact/base,O‘rikzor,https://store_W6SAmavz4a8tGG7Q.blob.vercel-storage.com/O‘rikzor.jpg
O‘rtapishar,missing,,
O‘simliklar,exact/base,O‘simliklar,https://store_W6SAmavz4a8tGG7Q.blob.vercel-storage.com/O‘simliklar.jpg
O‘simliklar anatomiyasi,exact/base,O‘simliklar anatomiyasi,https://store_W6SAmavz4a8tGG7Q.blob.vercel-storage.com/O‘simliklar-anatomiyasi.jpg
O‘simliklar fiziologiyasi,exact/base,O‘simliklar fiziologiyasi,https://store_W6SAmavz4a8tGG7Q.blob.vercel-storage.com/O‘simliklar-fiziologiyasi.jpg
O‘simliklar raki,exact/base,O‘simliklar raki,https://store_W6SAmavz4a8tGG7Q.blob.vercel-storage.com/O‘simliklar-raki.jpg
O‘simliklar zararkunandalari,fuzzy>=0.94,O‘simlik zararkunandalari,https://store_W6SAmavz4a8tGG7Q.blob.vercel-storage.com/O‘simlik-zararkunandalari.jpg
O‘simliklar kasalliklari,exact/base,O‘simliklar kasalliklari,https://store_W6SAmavz4a8tGG7Q.blob.vercel-storage.com/O‘simliklar-kasalliklari.jpg
O‘simliklarni himoya qilish,exact/base,O‘simliklarni himoya qilish,https://store_W6SAmavz4a8tGG7Q.blob.vercel-storage.com/O‘simliklarni-himoya-qilish.jpg
O‘simlikshunoslik,exact/base,O‘simlikshunoslik,https://store_W6SAmavz4a8tGG7Q.blob.vercel-storage.com/O‘simlikshunoslik.jpg
O‘sishni boshqaruvchi moddalar,exact/base,O‘sishni boshqaruvchi moddalar,https://store_W6SAmavz4a8tGG7Q.blob.vercel-storage.com/O‘sishni-boshqaruvchi-moddalar.jpg
O‘sish kurtagi (Gemma vegetativa),exact/base,O‘sish kurtagi,https://store_W6SAmavz4a8tGG7Q.blob.vercel-storage.com/O‘sish-kurtagi.jpg
O‘smoq,exact/base,O‘smoq,https://store_W6SAmavz4a8tGG7Q.blob.vercel-storage.com/O‘smoq.jpg
O‘tqazmoq,missing,,
O‘zak,exact/base,O‘zak,https://store_W6SAmavz4a8tGG7Q.blob.vercel-storage.com/O‘zak.jpg
O‘g‘it,exact/base,O‘g‘it,https://store_W6SAmavz4a8tGG7Q.blob.vercel-storage.com/O‘g‘it.jpg
O‘g‘itlamoq,exact/base,O‘g‘itlamoq,https://store_W6SAmavz4a8tGG7Q.blob.vercel-storage.com/O‘g‘itlamoq.jpg
O‘g‘itlagich,exact/base,O‘g‘itlagich,https://store_W6SAmavz4a8tGG7Q.blob.vercel-storage.com/O‘g‘itlagich.jpg
G‘ujum,exact/base,G‘ujum,https://store_W6SAmavz4a8tGG7Q.blob.vercel-storage.com/G‘ujum.jpg
G‘uncha,exact/base,G‘uncha,https://store_W6SAmavz4a8tGG7Q.blob.vercel-storage.com/G‘uncha.jpg
G‘unchalamoq,exact/base,G‘unchalamoq,https://store_W6SAmavz4a8tGG7Q.blob.vercel-storage.com/G‘unchalamoq.jpg
G‘o‘r,exact/base,G‘o‘r,https://store_W6SAmavz4a8tGG7Q.blob.vercel-storage.com/G‘o‘r.jpg
G‘o‘ra,exact/base,G‘o‘ra,https://store_W6SAmavz4a8tGG7Q.blob.vercel-storage.com/G‘o‘ra.jpg
Shaftoli (Prunus persica (L.) Batsch),exact/base,Shaftoli,https://store_W6SAmavz4a8tGG7Q.blob.vercel-storage.com/Shaftoli.jpg
Shaftoli mevasi,exact/base,Shaftoli mevasi,https://store_W6SAmavz4a8tGG7Q.blob.vercel-storage.com/Shaftoli-mevasi.jpg
Shaftolizor,exact/base,Shaftolizor,https://store_W6SAmavz4a8tGG7Q.blob.vercel-storage.com/Shaftolizor.jpg
Shaftoliqoqi,fuzzy>=0.94,Shaftoli qoqi,https://store_W6SAmavz4a8tGG7Q.blob.vercel-storage.com/Shaftoli-qoqi.jpg
Shakl berish,exact/base,Shakl berish,https://store_W6SAmavz4a8tGG7Q.blob.vercel-storage.com/Shakl-berish.jpg
Shakl bermoq,exact/base,Shakl bermoq,https://store_W6SAmavz4a8tGG7Q.blob.vercel-storage.com/Shakl-bermoq.jpg
Sharbat,exact/base,Sharbat,https://store_W6SAmavz4a8tGG7Q.blob.vercel-storage.com/Sharbat.jpg
Sharq biotasi (Platycladus orientalis (L.) Franco),exact/base,Sharq biotasi,https://store_W6SAmavz4a8tGG7Q.blob.vercel-storage.com/Sharq-biotasi.jpg
Sharq chinori (Platanus orientalis L.),exact/base,Sharq chinori,https://store_W6SAmavz4a8tGG7Q.blob.vercel-storage.com/Sharq-chinori.jpg
Shingil,exact/base,Shingil,https://store_W6SAmavz4a8tGG7Q.blob.vercel-storage.com/Shingil.jpg
Shinni,exact/base,Shinni,https://store_W6SAmavz4a8tGG7Q.blob.vercel-storage.com/Shinni.jpg
Shira,exact/base,Shira,https://store_W6SAmavz4a8tGG7Q.blob.vercel-storage.com/Shira.jpg
Shiralar (Aphidoidea),exact/base,Shiralar,https://store_W6SAmavz4a8tGG7Q.blob.vercel-storage.com/Shiralar.jpg
Shirali,missing,,
Sholg‘om (Brassica rapa L.),exact/base,Sholg‘om,https://store_W6SAmavz4a8tGG7Q.blob.vercel-storage.com/Sholg‘om.jpg
Shotut (Morus nigra L.),exact/base,Shotut,https://store_W6SAmavz4a8tGG7Q.blob.vercel-storage.com/Shotut.jpg
Shox,exact/base,Shox,https://store_W6SAmavz4a8tGG7Q.blob.vercel-storage.com/Shox.jpg
Shoxlamoq,exact/base,Shoxlamoq,https://store_W6SAmavz4a8tGG7Q.blob.vercel-storage.com/Shoxlamoq.jpg
Shoxli,missing,,
Shudgor qilmoq,exact/base,Shudgor qilmoq,https://store_W6SAmavz4a8tGG7Q.blob.vercel-storage.com/Shudgor-qilmoq.jpg
Shumurt (Prunus padus L.),exact/base,Shumurt,https://store_W6SAmavz4a8tGG7Q.blob.vercel-storage.com/Shumurt.jpg
Chang naychasi,missing,,
Changdon,exact/base,Changdon,https://store_W6SAmavz4a8tGG7Q.blob.vercel-storage.com/Changdon.jpg
Changlatuvchi,exact/base,Changlatuvchi,https://store_W6SAmavz4a8tGG7Q.blob.vercel-storage.com/Changlatuvchi.jpg
Changlamoq,exact/base,Changlamoq,https://store_W6SAmavz4a8tGG7Q.blob.vercel-storage.com/Changlamoq.jpg
Changlanish,exact/base,Changlanish,https://store_W6SAmavz4a8tGG7Q.blob.vercel-storage.com/Changlanish.jpg
Changchi,exact/base,Changchi,https://store_W6SAmavz4a8tGG7Q.blob.vercel-storage.com/Changchi.jpg
Charos,exact/base,Charos,https://store_W6SAmavz4a8tGG7Q.blob.vercel-storage.com/Charos.jpg
Chatishtirmoq,exact/base,Chatishtirmoq,https://store_W6SAmavz4a8tGG7Q.blob.vercel-storage.com/Chatishtirmoq.jpg
Chatishtirish,exact/base,Chatishtirish,https://store_W6SAmavz4a8tGG7Q.blob.vercel-storage.com/Chatishtirish.jpg
Chekanka,exact/base,Chekanka,https://store_W6SAmavz4a8tGG7Q.blob.vercel-storage.com/Chekanka.jpg
Chernika (Vaccinium myrtillus L.),exact/base,Chernika,https://store_W6SAmavz4a8tGG7Q.blob.vercel-storage.com/Chernika.jpg
Chetan (Sorbus L.),exact/base,Chetan,https://store_W6SAmavz4a8tGG7Q.blob.vercel-storage.com/Chetan.jpg
Chilonjiyda (Ziziphus jujuba Mill.),exact/base,Chilonjiyda,https://store_W6SAmavz4a8tGG7Q.blob.vercel-storage.com/Chilonjiyda.jpg
Chilpimoq,exact/base,Chilpimoq,https://store_W6SAmavz4a8tGG7Q.blob.vercel-storage.com/Chilpimoq.jpg
Chilpish,exact/base,Chilpish,https://store_W6SAmavz4a8tGG7Q.blob.vercel-storage.com/Chilpish.jpg
Chin meva,exact/base,Chin meva,https://store_W6SAmavz4a8tGG7Q.blob.vercel-storage.com/Chin-meva.jpg
Chinnigul (Dianthus L.),exact/base,Chinnigul,https://store_W6SAmavz4a8tGG7Q.blob.vercel-storage.com/Chinnigul.jpg
Chirmashib o‘suvchilar,exact/base,Chirmashib o‘suvchilar,https://store_W6SAmavz4a8tGG7Q.blob.vercel-storage.com/Chirmashib-o‘suvchilar.jpg
Chirmovuq (Hedera L.),missing,,
Chizel,exact/base,Chizel,https://store_W6SAmavz4a8tGG7Q.blob.vercel-storage.com/Chizel.jpg
Chizellash,exact/base,Chizellash,https://store_W6SAmavz4a8tGG7Q.blob.vercel-storage.com/Chizellash.jpg
Chopiq,exact/base,Chopiq,https://store_W6SAmavz4a8tGG7Q.blob.vercel-storage.com/Chopiq.jpg
Chopiq qilinadigan ekinlar,exact/base,Chopiq qilinadigan ekinlar,https://store_W6SAmavz4a8tGG7Q.blob.vercel-storage.com/Chopiq-qilinadigan-ekinlar.jpg
Chopmoq,exact/base,Chopmoq,https://store_W6SAmavz4a8tGG7Q.blob.vercel-storage.com/Chopmoq.jpg
Choy-gibridli atirgullar,exact/base,Choy gibridli atirgullar,https://store_W6SAmavz4a8tGG7Q.blob.vercel-storage.com/Choy-gibridli-atirgullar.jpg
Chubushnik (Philadelphus L.),exact/base,Chubushnik,https://store_W6SAmavz4a8tGG7Q.blob.vercel-storage.com/Chubushnik.jpg
O‘tloq mevachilik,exact/base,O‘tloq mevachilik,https://store_W6SAmavz4a8tGG7Q.blob.vercel-storage.com/O‘tloq-mevachilik.jpg
Qarish,missing,,
O‘sish,exact/base,O‘sish,https://store_W6SAmavz4a8tGG7Q.blob.vercel-storage.com/O‘sish.jpg
Rivojlanish,exact/base,Rivojlanish,https://store_W6SAmavz4a8tGG7Q.blob.vercel-storage.com/Rivojlanish.jpg
Ontogenez,exact/base,Ontogenez,https://store_W6SAmavz4a8tGG7Q.blob.vercel-storage.com/Ontogenez.jpg
Yosharish,exact/base,Yosharish,https://store_W6SAmavz4a8tGG7Q.blob.vercel-storage.com/Yosharish.jpg
Yoshartirish,exact/base,Yoshartirish,https://store_W6SAmavz4a8tGG7Q.blob.vercel-storage.com/Yoshartirish.jpg
Mahsuldorlik davri,exact/base,Mahsuldorlik davri,https://store_W6SAmavz4a8tGG7Q.blob.vercel-storage.com/Mahsuldorlik-davri.jpg
Sizot suvlari,exact/base,Sizot suvlari,https://store_W6SAmavz4a8tGG7Q.blob.vercel-storage.com/Sizot-suvlari.jpg
O‘g‘itlash me’yori,exact/base,O‘g‘itlash me’yori,https://store_W6SAmavz4a8tGG7Q.blob.vercel-storage.com/O‘g‘itlash-me’yori.jpg
Pakana bog‘,exact/base,Pakana bog‘,https://store_W6SAmavz4a8tGG7Q.blob.vercel-storage.com/Pakana-bog‘.jpg
Pakana bo‘yli meva daraxtlari,exact/base,Pakana bo‘yli meva daraxtlari,https://store_W6SAmavz4a8tGG7Q.blob.vercel-storage.com/Pakana-bo‘yli-meva-daraxtlari.jpg
Pakana payvandtag,exact/base,Pakana payvandtag,https://store_W6SAmavz4a8tGG7Q.blob.vercel-storage.com/Pakana-payvandtag.jpg
T-shakldagi payvand,exact/base,T shakldagi payvand,https://store_W6SAmavz4a8tGG7Q.blob.vercel-storage.com/T-shakldagi-payvand.jpg
O‘rnatma payvand,exact/base,O‘rnatma payvand,https://store_W6SAmavz4a8tGG7Q.blob.vercel-storage.com/O‘rnatma-payvand.jpg
Qalamcha usulida payvandlash,exact/base,Qalamcha usulida payvandlash,https://store_W6SAmavz4a8tGG7Q.blob.vercel-storage.com/Qalamcha-usulida-payvandlash.jpg
Qobiq payvand usuli,exact/base,Qobiq payvand usuli,https://store_W6SAmavz4a8tGG7Q.blob.vercel-storage.com/Qobiq-payvand-usuli.jpg
Qishki payvand,exact/base,Qishki payvand,https://store_W6SAmavz4a8tGG7Q.blob.vercel-storage.com/Qishki-payvand.jpg
Yashil payvand,exact/base,Yashil payvand,https://store_W6SAmavz4a8tGG7Q.blob.vercel-storage.com/Yashil-payvand.jpg
Meva-sabzavot mahsulotlarini saqlash,exact/base,Meva sabzavot mahsulotlarini saqlash,https://store_W6SAmavz4a8tGG7Q.blob.vercel-storage.com/Meva-sabzavot-mahsulotlarini-saqlash.jpg
Saqlash texnologiyasi,exact/base,Saqlash texnologiyasi,https://store_W6SAmavz4a8tGG7Q.blob.vercel-storage.com/Saqlash-texnologiyasi.jpg
Qayta ishlash texnologiyasi,exact/base,Qayta ishlash texnologiyasi,https://store_W6SAmavz4a8tGG7Q.blob.vercel-storage.com/Qayta-ishlash-texnologiyasi.jpg
Miqdoriy isrofgarchilik,exact/base,Miqdoriy isrofgarchilik,https://store_W6SAmavz4a8tGG7Q.blob.vercel-storage.com/Miqdoriy-isrofgarchilik.jpg
Sifat o‘zgarishidagi isrofgarchilik,exact/base,Sifat o‘zgarishidagi isrofgarchilik,https://store_W6SAmavz4a8tGG7Q.blob.vercel-storage.com/Sifat-o‘zgarishidagi-isrofgarchilik.jpg
Doimiy omborxonalar,exact/base,Doimiy omborxonalar,https://store_W6SAmavz4a8tGG7Q.blob.vercel-storage.com/Doimiy-omborxonalar.jpg
Muvaqqat omborlar,exact/base,Muvaqqat omborlar,https://store_W6SAmavz4a8tGG7Q.blob.vercel-storage.com/Muvaqqat-omborlar.jpg
Sovutgichlar,exact/base,Sovutgichlar,https://store_W6SAmavz4a8tGG7Q.blob.vercel-storage.com/Sovutgichlar.jpg
Oddiy gaz muhitida saqlash (OGM),exact/base,Oddiy gaz muhitida saqlash,https://store_W6SAmavz4a8tGG7Q.blob.vercel-storage.com/Oddiy-gaz-muhitida-saqlash.jpg
Modifikatsiyalangan gaz muhitida saqlash (MGM),exact/base,Modifikatsiyalangan gaz muhitida saqlash,https://store_W6SAmavz4a8tGG7Q.blob.vercel-storage.com/Modifikatsiyalangan-gaz-muhitida-saqlash.jpg
Qadoqlash,exact/base,Qadoqlash,https://store_W6SAmavz4a8tGG7Q.blob.vercel-storage.com/Qadoqlash.jpg
Blanshirlash,exact/base,Blanshirlash,https://store_W6SAmavz4a8tGG7Q.blob.vercel-storage.com/Blanshirlash.jpg
Kalibrlash,exact/base,Kalibrlash,https://store_W6SAmavz4a8tGG7Q.blob.vercel-storage.com/Kalibrlash.jpg
Tashish,exact/base,Tashish,https://store_W6SAmavz4a8tGG7Q.blob.vercel-storage.com/Tashish.jpg
Saralash,exact/base,Saralash,https://store_W6SAmavz4a8tGG7Q.blob.vercel-storage.com/Saralash.jpg
Quritish,exact/base,Quritish,https://store_W6SAmavz4a8tGG7Q.blob.vercel-storage.com/Quritish.jpg
Oftobi quritish,exact/base,Oftobi quritish,https://store_W6SAmavz4a8tGG7Q.blob.vercel-storage.com/Oftobi-quritish.jpg
Objo‘sh quritish,exact/base,Objo‘sh quritish,https://store_W6SAmavz4a8tGG7Q.blob.vercel-storage.com/Objo‘sh-quritish.jpg
Bostirma,exact/base,Bostirma,https://store_W6SAmavz4a8tGG7Q.blob.vercel-storage.com/Bostirma.jpg
Yarim ochiq bostirma,exact/base,Yarim ochiq bostirma,https://store_W6SAmavz4a8tGG7Q.blob.vercel-storage.com/Yarim-ochiq-bostirma.jpg
Kalibrlash mashinalari,missing,,
Konservalash,exact/base,Konservalash,https://store_W6SAmavz4a8tGG7Q.blob.vercel-storage.com/Konservalash.jpg
Konditsiyalar,exact/base,Konditsiyalar,https://store_W6SAmavz4a8tGG7Q.blob.vercel-storage.com/Konditsiyalar.jpg
Standartlash,exact/base,Standartlash,https://store_W6SAmavz4a8tGG7Q.blob.vercel-storage.com/Standartlash.jpg
Standartlash sistemasi,exact/base,Standartlash sistemasi,https://store_W6SAmavz4a8tGG7Q.blob.vercel-storage.com/Standartlash-sistemasi.jpg
Davlat standartlash sistemasi,exact/base,Davlat standartlash sistemasi,https://store_W6SAmavz4a8tGG7Q.blob.vercel-storage.com/Davlat-standartlash-sistemasi.jpg
Abioz,exact/base,Abioz,https://store_W6SAmavz4a8tGG7Q.blob.vercel-storage.com/Abioz.jpg
Bioz,exact/base,Bioz,https://store_W6SAmavz4a8tGG7Q.blob.vercel-storage.com/Bioz.jpg
Anabioz,exact/base,Anabioz,https://store_W6SAmavz4a8tGG7Q.blob.vercel-storage.com/Anabioz.jpg
Tsenoanabioz,exact/base,Tsenoanabioz,https://store_W6SAmavz4a8tGG7Q.blob.vercel-storage.com/Tsenoanabioz.jpg
Kseroanabioz,exact/base,Kseroanabioz,https://store_W6SAmavz4a8tGG7Q.blob.vercel-storage.com/Kseroanabioz.jpg
Krioanabioz,exact/base,Krioanabioz,https://store_W6SAmavz4a8tGG7Q.blob.vercel-storage.com/Krioanabioz.jpg
Termoanabioz,exact/base,Termoanabioz,https://store_W6SAmavz4a8tGG7Q.blob.vercel-storage.com/Termoanabioz.jpg
Psixroanabioz,exact/base,Psixroanabioz,https://store_W6SAmavz4a8tGG7Q.blob.vercel-storage.com/Psixroanabioz.jpg
Osmoanabioz,exact/base,Osmoanabioz,https://store_W6SAmavz4a8tGG7Q.blob.vercel-storage.com/Osmoanabioz.jpg
Atsidoanabioz,exact/base,Atsidoanabioz,https://store_W6SAmavz4a8tGG7Q.blob.vercel-storage.com/Atsidoanabioz.jpg
Narkoanabioz,exact/base,Narkoanabioz,https://store_W6SAmavz4a8tGG7Q.blob.vercel-storage.com/Narkoanabioz.jpg
Tinim davri,exact/base,Tinim davri,https://store_W6SAmavz4a8tGG7Q.blob.vercel-storage.com/Tinim-davri.jpg
O‘suv nuqtalari,exact/base,O‘suv nuqtalari,https://store_W6SAmavz4a8tGG7Q.blob.vercel-storage.com/O‘suv-nuqtalari.jpg
Fermentlar,exact/base,Fermentlar,https://store_W6SAmavz4a8tGG7Q.blob.vercel-storage.com/Fermentlar.jpg
Pektin,exact/base,Pektin,https://store_W6SAmavz4a8tGG7Q.blob.vercel-storage.com/Pektin.jpg
G‘ovaklik,exact/base,G‘ovaklik,https://store_W6SAmavz4a8tGG7Q.blob.vercel-storage.com/G‘ovaklik.jpg
Noinfeksion kasalliklar,exact/base,Noinfeksion kasalliklar,https://store_W6SAmavz4a8tGG7Q.blob.vercel-storage.com/Noinfeksion-kasalliklar.jpg
Sterilizatsiyalash,exact/base,Sterilizatsiyalash,https://store_W6SAmavz4a8tGG7Q.blob.vercel-storage.com/Sterilizatsiyalash.jpg
Pasterizatsiyalash,exact/base,Pasterizatsiyalash,https://store_W6SAmavz4a8tGG7Q.blob.vercel-storage.com/Pasterizatsiyalash.jpg
Avtoklav,exact/base,Avtoklav,https://store_W6SAmavz4a8tGG7Q.blob.vercel-storage.com/Avtoklav.jpg
Murabbo,exact/base,Murabbo,https://store_W6SAmavz4a8tGG7Q.blob.vercel-storage.com/Murabbo.jpg
Jem,exact/base,Jem,https://store_W6SAmavz4a8tGG7Q.blob.vercel-storage.com/Jem.jpg
Povidlo,exact/base,Povidlo,https://store_W6SAmavz4a8tGG7Q.blob.vercel-storage.com/Povidlo.jpg
Jele,exact/base,Jele,https://store_W6SAmavz4a8tGG7Q.blob.vercel-storage.com/Jele.jpg
Iste’mol qiymati,exact/base,Iste’mol qiymati,https://store_W6SAmavz4a8tGG7Q.blob.vercel-storage.com/Iste’mol-qiymati.jpg
Ozuqaviylik qiymati,exact/base,Ozuqaviylik qiymati,https://store_W6SAmavz4a8tGG7Q.blob.vercel-storage.com/Ozuqaviylik-qiymati.jpg
Nafas olish klimaksi,exact/base,Nafas olish klimaksi,https://store_W6SAmavz4a8tGG7Q.blob.vercel-storage.com/Nafas-olish-klimaksi.jpg
Nafas olish,exact/base,Nafas olish,https://store_W6SAmavz4a8tGG7Q.blob.vercel-storage.com/Nafas-olish.jpg
Organik kislotalar,exact/base,Organik kislotalar,https://store_W6SAmavz4a8tGG7Q.blob.vercel-storage.com/Organik-kislotalar.jpg
Pigmentlar,exact/base,Pigmentlar,https://store_W6SAmavz4a8tGG7Q.blob.vercel-storage.com/Pigmentlar.jpg
Oshlovchi moddalar,exact/base,Oshlovchi moddalar,https://store_W6SAmavz4a8tGG7Q.blob.vercel-storage.com/Oshlovchi-moddalar.jpg
Biokimyoviy jarayonlar,exact/base,Biokimyoviy jarayonlar,https://store_W6SAmavz4a8tGG7Q.blob.vercel-storage.com/Biokimyoviy-jarayonlar.jpg
Morfologik belgilar,exact/base,Morfologik belgilar,https://store_W6SAmavz4a8tGG7Q.blob.vercel-storage.com/Morfologik-belgilar.jpg
Biologik belgilar,exact/base,Biologik belgilar,https://store_W6SAmavz4a8tGG7Q.blob.vercel-storage.com/Biologik-belgilar.jpg
Texnologik xususiyatlar,exact/base,Texnologik xususiyatlar,https://store_W6SAmavz4a8tGG7Q.blob.vercel-storage.com/Texnologik-xususiyatlar.jpg
Saqlanuvchanlik,exact/base,Saqlanuvchanlik,https://store_W6SAmavz4a8tGG7Q.blob.vercel-storage.com/Saqlanuvchanlik.jpg
Saqlashga chidamlilik,exact/base,Saqlashga chidamlilik,https://store_W6SAmavz4a8tGG7Q.blob.vercel-storage.com/Saqlashga-chidamlilik.jpg
Saqlash muddati,exact/base,Saqlash muddati,https://store_W6SAmavz4a8tGG7Q.blob.vercel-storage.com/Saqlash-muddati.jpg
Saqlash davri,exact/base,Saqlash davri,https://store_W6SAmavz4a8tGG7Q.blob.vercel-storage.com/Saqlash-davri.jpg
Chidamlilik,exact/base,Chidamlilik,https://store_W6SAmavz4a8tGG7Q.blob.vercel-storage.com/Chidamlilik.jpg
Kasallikka chidamlilik,exact/base,Kasallikka chidamlilik,https://store_W6SAmavz4a8tGG7Q.blob.vercel-storage.com/Kasallikka-chidamlilik.jpg
Bug‘lanish¹,exact/base,Bug‘lanish¹,https://store_W6SAmavz4a8tGG7Q.blob.vercel-storage.com/Bug‘lanish¹.jpg
Bug‘lanish²,exact/base,Bug‘lanish²,https://store_W6SAmavz4a8tGG7Q.blob.vercel-storage.com/Bug‘lanish².jpg
Mum,exact/base,Mum,https://store_W6SAmavz4a8tGG7Q.blob.vercel-storage.com/Mum.jpg
Yog‘,exact/base,Yog‘,https://store_W6SAmavz4a8tGG7Q.blob.vercel-storage.com/Yog‘.jpg
Mineral moddalar,exact/base,Mineral moddalar,https://store_W6SAmavz4a8tGG7Q.blob.vercel-storage.com/Mineral moddalar.jpg
Qorayish,exact/base,Qorayish,https://store_W6SAmavz4a8tGG7Q.blob.vercel-storage.com/Qorayish.jpg
Saqlash sharoiti,exact/base,Saqlash sharoiti,https://store_W6SAmavz4a8tGG7Q.blob.vercel-storage.com/Saqlash-sharoiti.jpg
Shamollatish,exact/base,Shamollatish,https://store_W6SAmavz4a8tGG7Q.blob.vercel-storage.com/Shamollatish.jpg
Uyum,exact/base,Uyum,https://store_W6SAmavz4a8tGG7Q.blob.vercel-storage.com/Uyum.jpg
Xandaq,exact/base,Xandaq,https://store_W6SAmavz4a8tGG7Q.blob.vercel-storage.com/Xandaq.jpg
Abiotik omillar,exact/base,Abiotik omillar,https://store_W6SAmavz4a8tGG7Q.blob.vercel-storage.com/Abiotik-omillar.jpg
Antropogen omillar,exact/base,Antropogen omillar,https://store_W6SAmavz4a8tGG7Q.blob.vercel-storage.com/Antropogen-omillar.jpg
Gidroedafik omillar,exact/base,Gidroedafik omillar,https://store_W6SAmavz4a8tGG7Q.blob.vercel-storage.com/Gidroedafik-omillar.jpg
Biotik omillar,exact/base,Biotik omillar,https://store_W6SAmavz4a8tGG7Q.blob.vercel-storage.com/Biotik-omillar.jpg
Zoofaglar,exact/base,Zoofaglar,https://store_W6SAmavz4a8tGG7Q.blob.vercel-storage.com/Zoofaglar.jpg
Sinoyya,exact/base,Sinoyya,https://store_W6SAmavz4a8tGG7Q.blob.vercel-storage.com/Sinoyya.jpg
To‘g‘riqanotlilar (Orthoptera),exact/base,To‘g‘riqanotlilar,https://store_W6SAmavz4a8tGG7Q.blob.vercel-storage.com/To‘g‘riqanotlilar.jpg
Tengqanotlilar (Homoptera),missing,,
Yarimqattiqqanotlilar (Heteroptera),exact/base,Yarimqattiqqanotlilar,https://store_W6SAmavz4a8tGG7Q.blob.vercel-storage.com/Yarimqattiqqanotlilar.jpg
Tripslar (Thysanoptera),exact/base,Tripslar,https://store_W6SAmavz4a8tGG7Q.blob.vercel-storage.com/Tripslar.jpg
Qattiqqanotlilar (Coleoptera),exact/base,Qattiqqanotlilar,https://store_W6SAmavz4a8tGG7Q.blob.vercel-storage.com/Qattiqqanotlilar.jpg
To‘rqanotlilar (Neuroptera),exact/base,To‘rqanotlilar,https://store_W6SAmavz4a8tGG7Q.blob.vercel-storage.com/To‘rqanotlilar.jpg
Tangacha qanotlilar (Lepidoptera),exact/base,Tangacha qanotlilar,https://store_W6SAmavz4a8tGG7Q.blob.vercel-storage.com/Tangacha-qanotlilar.jpg
Pardaqanotlilar (Hymenoptera),exact/base,Pardaqanotlilar,https://store_W6SAmavz4a8tGG7Q.blob.vercel-storage.com/Pardaqanotlilar.jpg
Ikkiqanotlilar (Diptera),exact/base,Ikkiqanotlilar,https://store_W6SAmavz4a8tGG7Q.blob.vercel-storage.com/Ikkiqanotlilar.jpg
Termitlar (Isoptera),exact/base,Termitlar,https://store_W6SAmavz4a8tGG7Q.blob.vercel-storage.com/Termitlar.jpg
Kolorado qo‘ng‘izi (Leptinotarsa decemlineata),exact/base,Kolorado qo‘ng‘izi,https://store_W6SAmavz4a8tGG7Q.blob.vercel-storage.com/Kolorado-qo‘ng‘izi.jpg
Mexanik usul,exact/base,Mexanik usul,https://store_W6SAmavz4a8tGG7Q.blob.vercel-storage.com/Mexanik-usul.jpg
Chigirtkalar (Acrididae),exact/base,Chigirtkalar,https://store_W6SAmavz4a8tGG7Q.blob.vercel-storage.com/Chigirtkalar.jpg
Karam biti (Brevicoryne brassicae),exact/base,Karam biti,https://store_W6SAmavz4a8tGG7Q.blob.vercel-storage.com/Karam-biti.jpg
Sholg‘om oq kapalagi (Pieris rapae),exact/base,Sholg‘om oq kapalagi,https://store_W6SAmavz4a8tGG7Q.blob.vercel-storage.com/Sholg‘om-oq-kapalagi.jpg
Olma yashil biti (Aphis pomi),exact/base,Olma yashil biti,https://store_W6SAmavz4a8tGG7Q.blob.vercel-storage.com/Olma-yashil-biti.jpg
Barg bitlari (Aphididae),exact/base,Barg bitlari,https://store_W6SAmavz4a8tGG7Q.blob.vercel-storage.com/Barg-bitlari.jpg
Olma qon biti (Eriosoma lanigerum),exact/base,Olma qon biti,https://store_W6SAmavz4a8tGG7Q.blob.vercel-storage.com/Olma-qon-biti.jpg
Binafsharang qalqondor (Parlatoria oleae),exact/base,Binafsharang qalqondor,https://store_W6SAmavz4a8tGG7Q.blob.vercel-storage.com/Binafsharang-qalqondor.jpg
Kaliforniya qalqondori (Comstockaspis perniciosa),exact/base,Kaliforniya qalqondori,https://store_W6SAmavz4a8tGG7Q.blob.vercel-storage.com/Kaliforniya-qalqondori.jpg
Qo‘ng‘ir meva kanasi (Bryobia rubrioculus),exact/base,Qo‘ng‘ir meva kanasi,https://store_W6SAmavz4a8tGG7Q.blob.vercel-storage.com/Qo‘ng‘ir-meva-kanasi.jpg
Nokning barg burgasi (Cacopsylla pyricola),exact/base,Nokning barg burgasi,https://store_W6SAmavz4a8tGG7Q.blob.vercel-storage.com/Nokning-barg-burgasi.jpg
Nok qandalasi (Stephanitis pyri),exact/base,Nok qandalasi,https://store_W6SAmavz4a8tGG7Q.blob.vercel-storage.com/Nok-qandalasi.jpg
Soxta qalqondorlar (Coccidae),exact/base,Soxta qalqondorlar,https://store_W6SAmavz4a8tGG7Q.blob.vercel-storage.com/Soxta-qalqondorlar.jpg
Meva o‘rgimchakkanasi (Amphitetranychus viennensis),exact/base,Meva o‘rgimchakkanasi,https://store_W6SAmavz4a8tGG7Q.blob.vercel-storage.com/Meva-o‘rgimchakkanasi.jpg
Buzoqboshi qo‘ng‘izlar (Melolonthinae Leach),exact/base,Buzoqboshi qo‘ng‘izlar,https://store_W6SAmavz4a8tGG7Q.blob.vercel-storage.com/Buzoqboshi-qo‘ng‘izlar.jpg
G‘ilofli kuya (Coleophora hemerobiola),exact/base,G‘ilofli kuya,https://store_W6SAmavz4a8tGG7Q.blob.vercel-storage.com/G‘ilofli-kuya.jpg
Havol (mina) yasovchi kuyalar (Phyllonorycter gerasimowi),missing,,
Po‘stloqxo‘rlar (Scolytinae Latreille),exact/base,Po‘stloqxo‘rlar,https://store_W6SAmavz4a8tGG7Q.blob.vercel-storage.com/Po‘stloqxo‘rlar.jpg
Olxo‘ri meva qurti (Grapholitha funebrana Treitschke),exact/base,Olxo‘ri meva qurti,https://store_W6SAmavz4a8tGG7Q.blob.vercel-storage.com/Olxo‘ri-meva-qurti.jpg
Olcha shilimshiq arrakashi (Caliroa cerasi),exact/base,Olcha shilimshiq arrakashi,https://store_W6SAmavz4a8tGG7Q.blob.vercel-storage.com/Olcha-shilimshiq-arrakashi.jpg
Anjir parvonasi (Choreutis nemorana),exact/base,Anjir parvonasi,https://store_W6SAmavz4a8tGG7Q.blob.vercel-storage.com/Anjir-parvonasi.jpg
Anor qurti (Nephopteryx punicaeella Moore),exact/base,Anor qurti,https://store_W6SAmavz4a8tGG7Q.blob.vercel-storage.com/Anor-qurti.jpg
Unobi meva pashshasi (Carpomya vesuviana Costa),exact/base,Unobi meva pashshasi,https://store_W6SAmavz4a8tGG7Q.blob.vercel-storage.com/Unobi-meva-pashshasi.jpg
Yong‘oq qurti (Garella musculana),exact/base,Yong‘oq qurti,https://store_W6SAmavz4a8tGG7Q.blob.vercel-storage.com/Yong‘oq-qurti.jpg
Qarsildoq qo‘ng‘izlar (Elateridae),exact/base,Qarsildoq qo‘ng‘izlar,https://store_W6SAmavz4a8tGG7Q.blob.vercel-storage.com/Qarsildoq-qo‘ng‘izlar.jpg
Shingil qurti (Eupoecilia ambiguella),exact/base,Shingil qurti,https://store_W6SAmavz4a8tGG7Q.blob.vercel-storage.com/Shingil-qurti.jpg
Shingil barg o‘rovchisi (Lobesia botrana),exact/base,Shingil barg o‘rovchisi,https://store_W6SAmavz4a8tGG7Q.blob.vercel-storage.com/Shingil-barg-o‘rovchisi.jpg
Akaritsidlar,exact/base,Akaritsidlar,https://store_W6SAmavz4a8tGG7Q.blob.vercel-storage.com/Akaritsidlar.jpg
Patologik jarayon,exact/base,Patologik jarayon,https://store_W6SAmavz4a8tGG7Q.blob.vercel-storage.com/Patologik-jarayon.jpg
Patomorfologik o‘zgarishlar,exact/base,Patomorfologik o‘zgarishlar,https://store_W6SAmavz4a8tGG7Q.blob.vercel-storage.com/Patomorfologik-o‘zgarishlar.jpg
Gipertrofiya,exact/base,Gipertrofiya,https://store_W6SAmavz4a8tGG7Q.blob.vercel-storage.com/Gipertrofiya.jpg
Fitoplazmalar,exact/base,Fitoplazmalar,https://store_W6SAmavz4a8tGG7Q.blob.vercel-storage.com/Fitoplazmalar.jpg
Viroidlar,exact/base,Viroidlar,https://store_W6SAmavz4a8tGG7Q.blob.vercel-storage.com/Viroidlar.jpg
Bakteriyalar,exact/base,Bakteriyalar,https://store_W6SAmavz4a8tGG7Q.blob.vercel-storage.com/Bakteriyalar.jpg
Nematodalar,exact/base,Nematodalar,https://store_W6SAmavz4a8tGG7Q.blob.vercel-storage.com/Nematodalar.jpg
Viruslar,exact/base,Viruslar,https://store_W6SAmavz4a8tGG7Q.blob.vercel-storage.com/Viruslar.jpg
Gulli parazit o‘simliklar,exact/base,Gulli parazit o‘simliklar,https://store_W6SAmavz4a8tGG7Q.blob.vercel-storage.com/Gulli-parazit-o‘simliklar.jpg
Virulentlik,exact/base,Virulentlik,https://store_W6SAmavz4a8tGG7Q.blob.vercel-storage.com/Virulentlik.jpg
Fitopatogen,exact/base,Fitopatogen,https://store_W6SAmavz4a8tGG7Q.blob.vercel-storage.com/Fitopatogen.jpg
Patogenlik,exact/base,Patogenlik,https://store_W6SAmavz4a8tGG7Q.blob.vercel-storage.com/Patogenlik.jpg
Agressivlik,exact/base,Agressivlik,https://store_W6SAmavz4a8tGG7Q.blob.vercel-storage.com/Agressivlik.jpg
Parazitlar,exact/base,Parazitlar,https://store_W6SAmavz4a8tGG7Q.blob.vercel-storage.com/Parazitlar.jpg
Parazitizm,exact/base,Parazitizm,https://store_W6SAmavz4a8tGG7Q.blob.vercel-storage.com/Parazitizm.jpg
Xo‘jayin o‘simlik,exact/base,Xo‘jayin o‘simlik,https://store_W6SAmavz4a8tGG7Q.blob.vercel-storage.com/Xo‘jayin-o‘simlik.jpg
Obligat parazitlar,exact/base,Obligat parazitlar,https://store_W6SAmavz4a8tGG7Q.blob.vercel-storage.com/Obligat-parazitlar.jpg
Fakultativ saprotroflar,exact/base,Fakultativ saprotroflar,https://store_W6SAmavz4a8tGG7Q.blob.vercel-storage.com/Fakultativ-saprotroflar.jpg
Meristema,exact/base,Meristema,https://store_W6SAmavz4a8tGG7Q.blob.vercel-storage.com/Meristema.jpg
Saprotrof,exact/base,Saprotrof,https://store_W6SAmavz4a8tGG7Q.blob.vercel-storage.com/Saprotrof.jpg
Antagonizm,exact/base,Antagonizm,https://store_W6SAmavz4a8tGG7Q.blob.vercel-storage.com/Antagonizm.jpg
Antagonistlar,exact/base,Antagonistlar,https://store_W6SAmavz4a8tGG7Q.blob.vercel-storage.com/Antagonistlar.jpg
Bakteriofag,exact/base,Bakteriofag,https://store_W6SAmavz4a8tGG7Q.blob.vercel-storage.com/Bakteriofag.jpg
Aktinomitsetlar,exact/base,Aktinomitsetlar,https://store_W6SAmavz4a8tGG7Q.blob.vercel-storage.com/Aktinomitsetlar.jpg
Klyasterosporioz,exact/base,Klyasterosporioz,https://store_W6SAmavz4a8tGG7Q.blob.vercel-storage.com/Klyasterosporioz.jpg
Monilioz kasalligi,exact/base,Monilioz kasalligi,https://store_W6SAmavz4a8tGG7Q.blob.vercel-storage.com/Monilioz-kasalligi.jpg
Olma va nokning kalmaraz kasalligi,exact/base,Olma va nokning kalmaraz kasalligi,https://store_W6SAmavz4a8tGG7Q.blob.vercel-storage.com/Olma-va-nokning-kalmaraz-kasalligi.jpg
Shaftolining un-shudring kasalligi,exact/base,Shaftolining un shudring kasalligi,https://store_W6SAmavz4a8tGG7Q.blob.vercel-storage.com/Shaftolining-un-shudring-kasalligi.jpg
Olma va nokning un-shudring kasalligi,exact/base,Olma va nokning un shudring kasalligi,https://store_W6SAmavz4a8tGG7Q.blob.vercel-storage.com/Olma-va-nokning-un-shudring-kasalligi.jpg
Oidium,exact/base,Oidium,https://store_W6SAmavz4a8tGG7Q.blob.vercel-storage.com/Oidium.jpg
Un-shudring kasalligi,exact/base,Un shudring kasalligi,https://store_W6SAmavz4a8tGG7Q.blob.vercel-storage.com/Un-shudring-kasalligi.jpg
Kashtan (Castanea),exact/base,Kashtan,https://store_W6SAmavz4a8tGG7Q.blob.vercel-storage.com/Kashtan.jpg
Pakana o‘simliklar,exact/base,Pakana o‘simliklar,https://store_W6SAmavz4a8tGG7Q.blob.vercel-storage.com/Pakana-o‘simliklar.jpg
Salviya,exact/base,Salviya,https://store_W6SAmavz4a8tGG7Q.blob.vercel-storage.com/Salviya.jpg
Lola daraxti (Liriodendron tulipifera L.),exact/base,Lola daraxti,https://store_W6SAmavz4a8tGG7Q.blob.vercel-storage.com/Lola-daraxti.jpg
Majnuntol (Salix babylonica L.),exact/base,Majnuntol,https://store_W6SAmavz4a8tGG7Q.blob.vercel-storage.com/Majnuntol.jpg
Shumg‘iya (Orobanche),fuzzy>=0.94,Shumgiya,https://store_W6SAmavz4a8tGG7Q.blob.vercel-storage.com/Shumgiya.jpg
Zarpechak (Cuscuta L.),exact/base,Zarpechak,https://store_W6SAmavz4a8tGG7Q.blob.vercel-storage.com/Zarpechak.jpg
Rabatka,exact/base,Rabatka,https://store_W6SAmavz4a8tGG7Q.blob.vercel-storage.com/Rabatka.jpg
Massiv,exact/base,Massiv,https://store_W6SAmavz4a8tGG7Q.blob.vercel-storage.com/Massiv.jpg
Parter,exact/base,Parter,https://store_W6SAmavz4a8tGG7Q.blob.vercel-storage.com/Parter.jpg
Alpinariy,exact/base,Alpinariy,https://store_W6SAmavz4a8tGG7Q.blob.vercel-storage.com/Alpinariy.jpg
Kontrast,exact/base,Kontrast,https://store_W6SAmavz4a8tGG7Q.blob.vercel-storage.com/Kontrast.jpg
Garmonik,exact/base,Garmonik,https://store_W6SAmavz4a8tGG7Q.blob.vercel-storage.com/Garmonik.jpg
Peyzaj uslubi,exact/base,Peyzaj uslubi,https://store_W6SAmavz4a8tGG7Q.blob.vercel-storage.com/Peyzaj-uslubi.jpg
Soliter,exact/base,Soliter,https://store_W6SAmavz4a8tGG7Q.blob.vercel-storage.com/Soliter.jpg
Muntazam kompozitsiyalar,exact/base,Muntazam kompozitsiyalar,https://store_W6SAmavz4a8tGG7Q.blob.vercel-storage.com/Muntazam-kompozitsiyalar.jpg
Modulli bog‘,exact/base,Modulli bog‘,https://store_W6SAmavz4a8tGG7Q.blob.vercel-storage.com/Modulli-bog‘.jpg
Monosad,exact/base,Monosad,https://store_W6SAmavz4a8tGG7Q.blob.vercel-storage.com/Monosad.jpg
Rokariy,exact/base,Rokariy,https://store_W6SAmavz4a8tGG7Q.blob.vercel-storage.com/Rokariy.jpg
Bog‘-parklar,exact/base,Bog‘ parklar,https://store_W6SAmavz4a8tGG7Q.blob.vercel-storage.com/Bog‘-parklar.jpg
Soyasevar,exact/base,Soyasevar,https://store_W6SAmavz4a8tGG7Q.blob.vercel-storage.com/Soyasevar.jpg
Kanada bagryannigi (Cercis canadensis L.),exact/base,Kanada bagryannigi,https://store_W6SAmavz4a8tGG7Q.blob.vercel-storage.com/Kanada-bagryannigi.jpg
Doim yashil sarv (Cupressus sempervirens L.),exact/base,Doim yashil sarv,https://store_W6SAmavz4a8tGG7Q.blob.vercel-storage.com/Doim-yashil-sarv.jpg
Siyrak shoxli magnoliya (Magnolia denudata Desr.),exact/base,Siyrak shoxli magnoliya,https://store_W6SAmavz4a8tGG7Q.blob.vercel-storage.com/Siyrak-shoxli-magnoliya.jpg
Shamshod (Buxus L.),exact/base,Shamshod,https://store_W6SAmavz4a8tGG7Q.blob.vercel-storage.com/Shamshod.jpg
Soyaga chidamli,exact/base,Soyaga chidamli,https://store_W6SAmavz4a8tGG7Q.blob.vercel-storage.com/Soyaga-chidamli.jpg
Sovuqqa chidamli,missing,,
Transheya,exact/base,Transheya,https://store_W6SAmavz4a8tGG7Q.blob.vercel-storage.com/Transheya.jpg
Yaproqbargli daraxt,exact/base,Yaproqbargli daraxt,https://store_W6SAmavz4a8tGG7Q.blob.vercel-storage.com/Yaproqbargli-daraxt.jpg
Barg to‘kuvchi daraxt,exact/base,Barg to‘kuvchi daraxt,https://store_W6SAmavz4a8tGG7Q.blob.vercel-storage.com/Barg-to‘kuvchi-daraxt.jpg
Doim yashil daraxt,exact/base,Doim yashil daraxt,https://store_W6SAmavz4a8tGG7Q.blob.vercel-storage.com/Doim-yashil-daraxt.jpg
Meva ko‘chatzori,exact/base,Meva ko‘chatzori,https://store_W6SAmavz4a8tGG7Q.blob.vercel-storage.com/Meva-ko‘chatzori.jpg
Urug‘ko‘chat ko‘chatzori,exact/base,Urug‘ko‘chat ko‘chatzori,https://store_W6SAmavz4a8tGG7Q.blob.vercel-storage.com/Urug‘ko‘chat-ko‘chatzori.jpg
Ekish muddati,exact/base,Ekish muddati,https://store_W6SAmavz4a8tGG7Q.blob.vercel-storage.com/Ekish-muddati.jpg
Sukkulentlar,exact/base,Sukkulentlar,https://store_W6SAmavz4a8tGG7Q.blob.vercel-storage.com/Sukkulentlar.jpg
Drenaj,exact/base,Drenaj,https://store_W6SAmavz4a8tGG7Q.blob.vercel-storage.com/Drenaj.jpg
Tana so‘ruvchi novdalar,exact/base,Tana so‘ruvchi novdalar,https://store_W6SAmavz4a8tGG7Q.blob.vercel-storage.com/Tana-so‘ruvchi-novdalar.jpg
Yozgi kesish,exact/base,Yozgi kesish,https://store_W6SAmavz4a8tGG7Q.blob.vercel-storage.com/Yozgi-kesish.jpg
Qishki kesish,exact/base,Qishki kesish,https://store_W6SAmavz4a8tGG7Q.blob.vercel-storage.com/Qishki-kesish.jpg
Profilaktik tadbirlar,exact/base,Profilaktik tadbirlar,https://store_W6SAmavz4a8tGG7Q.blob.vercel-storage.com/Profilaktik-tadbirlar.jpg
Bog‘larni tutunlatish,exact/base,Bog‘larni tutunlatish,https://store_W6SAmavz4a8tGG7Q.blob.vercel-storage.com/Bog‘larni-tutunlatish.jpg
Bog‘larni isitish,exact/base,Bog‘larni isitish,https://store_W6SAmavz4a8tGG7Q.blob.vercel-storage.com/Bog‘larni-isitish.jpg
Qora sovuq,exact/base,Qora sovuq,https://store_W6SAmavz4a8tGG7Q.blob.vercel-storage.com/Qora-sovuq.jpg
Sho‘rga chidamlilik,exact/base,Sho‘rga chidamlilik,https://store_W6SAmavz4a8tGG7Q.blob.vercel-storage.com/Sho‘rga-chidamlilik.jpg
Yaruslilik,exact/base,Yaruslilik,https://store_W6SAmavz4a8tGG7Q.blob.vercel-storage.com/Yaruslilik.jpg
Kallyus,exact/base,Kallyus,https://store_W6SAmavz4a8tGG7Q.blob.vercel-storage.com/Kallyus.jpg
So‘ruvchi ildizlar,exact/base,So‘ruvchi ildizlar,https://store_W6SAmavz4a8tGG7Q.blob.vercel-storage.com/So‘ruvchi-ildizlar.jpg
O‘tkazuvchi ildizlar,exact/base,O‘tkazuvchi ildizlar,https://store_W6SAmavz4a8tGG7Q.blob.vercel-storage.com/O‘tkazuvchi-ildizlar.jpg
O‘q ildiz,fuzzy>=0.94,Oq ildiz,https://store_W6SAmavz4a8tGG7Q.blob.vercel-storage.com/Oq-ildiz.jpg
Popuk ildizlar,exact/base,Popuk ildizlar,https://store_W6SAmavz4a8tGG7Q.blob.vercel-storage.com/Popuk-ildizlar.jpg
Vertikal ildizlar,missing,,
Gorizontal ildizlar,exact/base,Gorizontal ildizlar,https://store_W6SAmavz4a8tGG7Q.blob.vercel-storage.com/Gorizontal-ildizlar.jpg
Yon ildizlar,exact/base,Yon ildizlar,https://store_W6SAmavz4a8tGG7Q.blob.vercel-storage.com/Yon-ildizlar.jpg
Qurish davri,exact/base,Qurish davri,https://store_W6SAmavz4a8tGG7Q.blob.vercel-storage.com/Qurish-davri.jpg
Skelet shoxlar,exact/base,Skelet shoxlar,https://store_W6SAmavz4a8tGG7Q.blob.vercel-storage.com/Skelet-shoxlar.jpg
O‘suv shoxlar,exact/base,O‘suv shoxlar,https://store_W6SAmavz4a8tGG7Q.blob.vercel-storage.com/O‘suv-shoxlar.jpg
Meva shoxlari,missing,,
Yarim skelet shoxlar,exact/base,Yarim skelet shoxlar,https://store_W6SAmavz4a8tGG7Q.blob.vercel-storage.com/Yarim-skelet-shoxlar.jpg
Affinitet,exact/base,Affinitet,https://store_W6SAmavz4a8tGG7Q.blob.vercel-storage.com/Affinitet.jpg
Xloroz,exact/base,Xloroz,https://store_W6SAmavz4a8tGG7Q.blob.vercel-storage.com/Xloroz.jpg
Qator oralari ekinlari,exact/base,Qator oralari ekinlari,https://store_W6SAmavz4a8tGG7Q.blob.vercel-storage.com/Qator-oralari-ekinlari.jpg
Bog‘ kvartali,exact/base,Bog‘ kvartali,https://store_W6SAmavz4a8tGG7Q.blob.vercel-storage.com/Bog‘-kvartali.jpg
Bog‘ qatori,exact/base,Bog‘ qatori,https://store_W6SAmavz4a8tGG7Q.blob.vercel-storage.com/Bog‘-qatori.jpg
Ekish sxemasi,exact/base,Ekish sxemasi,https://store_W6SAmavz4a8tGG7Q.blob.vercel-storage.com/Ekish-sxemasi.jpg
Dixogamiya,exact/base,Dixogamiya,https://store_W6SAmavz4a8tGG7Q.blob.vercel-storage.com/Dixogamiya.jpg
Klon payvandtag,exact/base,Klon payvandtag,https://store_W6SAmavz4a8tGG7Q.blob.vercel-storage.com/Klon-payvandtag.jpg
Ildiz qalamchasi,exact/base,Ildiz qalamchasi,https://store_W6SAmavz4a8tGG7Q.blob.vercel-storage.com/Ildiz-qalamchasi.jpg
Yog‘ochlashgan qalamcha,exact/base,Yog‘ochlashgan qalamcha,https://store_W6SAmavz4a8tGG7Q.blob.vercel-storage.com/Yog‘ochlashgan-qalamcha.jpg
Yashil qalamcha,exact/base,Yashil qalamcha,https://store_W6SAmavz4a8tGG7Q.blob.vercel-storage.com/Yashil-qalamcha.jpg
Siderat ekin,exact/base,Siderat ekin,https://store_W6SAmavz4a8tGG7Q.blob.vercel-storage.com/Siderat-ekin.jpg
Vertikal parxish,exact/base,Vertikal parxish,https://store_W6SAmavz4a8tGG7Q.blob.vercel-storage.com/Vertikal-parxish.jpg
Gorizontal parxish,exact/base,Gorizontal parxish,https://store_W6SAmavz4a8tGG7Q.blob.vercel-storage.com/Gorizontal-parxish.jpg
Mevalarni siyraklashtirish,exact/base,Mevalarni siyraklashtirish,https://store_W6SAmavz4a8tGG7Q.blob.vercel-storage.com/Mevalarni-siyraklashtirish.jpg
Gullarni siyraklashtirish,exact/base,Gullarni siyraklashtirish,https://store_W6SAmavz4a8tGG7Q.blob.vercel-storage.com/Gullarni-siyraklashtirish.jpg
Antosian,exact/base,Antosian,https://store_W6SAmavz4a8tGG7Q.blob.vercel-storage.com/Antosian.jpg
Kimyoviy siyraklashtirish,exact/base,Kimyoviy siyraklashtirish,https://store_W6SAmavz4a8tGG7Q.blob.vercel-storage.com/Kimyoviy-siyraklashtirish.jpg
Siyraklashtirib kesish,exact/base,Siyraklashtirib kesish,https://store_W6SAmavz4a8tGG7Q.blob.vercel-storage.com/Siyraklashtirib-kesish.jpg
Anorchilik,exact/base,Anorchilik,https://store_W6SAmavz4a8tGG7Q.blob.vercel-storage.com/Anorchilik.jpg
Halqalash,exact/base,Halqalash,https://store_W6SAmavz4a8tGG7Q.blob.vercel-storage.com/Halqalash.jpg
Sanitariya butashi,exact/base,Sanitariya butashi,https://store_W6SAmavz4a8tGG7Q.blob.vercel-storage.com/Sanitariya-butashi.jpg
Kosasimon shakl,exact/base,Kosasimon shakl,https://store_W6SAmavz4a8tGG7Q.blob.vercel-storage.com/Kosasimon-shakl.jpg
Palmetta shakli,exact/base,Palmetta shakli,https://store_W6SAmavz4a8tGG7Q.blob.vercel-storage.com/Palmetta-shakli.jpg
Urug‘ payvandtag,exact/base,Urug‘ payvandtag,https://store_W6SAmavz4a8tGG7Q.blob.vercel-storage.com/Urug‘-payvandtag.jpg
Oraliq payvand,exact/base,Oraliq payvand,https://store_W6SAmavz4a8tGG7Q.blob.vercel-storage.com/Oraliq-payvand.jpg
Protoginiya,missing,,
